"Date","Price","Open","High","Low","Vol.","Change %"
"01/27/2026","484.56","479.97","487.90","479.97","1.32M","1.59%"
"01/26/2026","476.97","486.39","488.50","473.99","1.31M","-1.94%"
"01/23/2026","486.39","482.50","488.50","480.00","1.28M","1.19%"
"01/22/2026","480.69","479.00","483.32","478.60","779.26K","0.39%"
"01/21/2026","478.80","491.74","491.75","476.90","2.44M","-2.63%"
"01/20/2026","491.75","500.50","501.00","490.60","2.31M","-1.69%"
"01/19/2026","500.21","491.00","503.50","488.98","3.83M","2.30%"
"01/16/2026","488.96","481.15","491.90","480.10","2.21M","2.24%"
"01/15/2026","478.27","480.17","485.00","477.20","1.75M","-0.85%"
"01/14/2026","482.38","480.50","484.00","476.10","1.80M","0.53%"
"01/13/2026","479.84","474.20","482.00","462.00","3.13M","1.77%"
"01/12/2026","471.49","481.00","481.00","469.00","1.67M","-2.21%"
"01/09/2026","482.13","484.00","487.50","476.00","2.36M","-0.57%"
"01/08/2026","484.91","499.94","499.94","478.00","4.83M","-2.68%"
"01/07/2026","498.26","493.25","505.00","490.00","5.04M","1.25%"
"01/06/2026","492.11","469.99","495.80","463.00","9.41M","4.97%"
"01/05/2026","468.79","459.50","473.45","459.50","6.14M","2.18%"
"01/02/2026","458.81","451.99","460.03","449.00","5.58M","1.54%"
"01/01/2026","451.83","447.35","454.00","445.00","2.44M","1.68%"
"12/31/2025","444.38","448.00","449.90","443.50","1.23M","-0.61%"
"12/30/2025","447.10","444.99","448.70","444.00","2.98M","0.70%"
"12/29/2025","444.00","442.50","444.88","440.12","1.76M","0.45%"
"12/26/2025","442.01","440.00","443.00","439.05","1.79M","0.48%"
"12/24/2025","439.92","441.00","442.00","439.50","1.65M","-0.18%"
"12/23/2025","440.71","440.00","443.85","440.00","1.74M","0.28%"
"12/22/2025","439.46","438.75","443.50","435.25","1.95M","0.15%"
"12/19/2025","438.78","436.49","444.10","435.56","14.23M","0.95%"
"12/18/2025","434.63","431.02","435.99","431.00","5.92M","1.10%"
"12/17/2025","429.90","432.50","433.00","427.00","1.52M","-0.40%"
"12/16/2025","431.64","432.00","434.00","430.00","1.97M","-0.08%"
"12/15/2025","432.00","432.00","433.00","431.30","1.08M","0.05%"
"12/12/2025","431.80","429.26","432.97","429.26","2.95M","0.18%"
"12/11/2025","431.02","434.24","435.10","429.85","1.41M","-0.74%"
"12/10/2025","434.24","435.00","436.00","432.90","1.11M","0.03%"
"12/09/2025","434.13","438.00","438.00","433.30","2.54M","-0.39%"
"12/08/2025","435.82","433.89","436.50","433.88","1.26M","0.60%"
"12/05/2025","433.24","438.97","439.50","431.99","2.24M","-0.17%"
"12/04/2025","433.97","435.71","438.50","432.10","400.53K","-0.39%"
"12/03/2025","435.69","448.00","448.00","434.51","1.26M","-2.07%"
"12/02/2025","444.90","442.00","447.39","440.20","1.74M","0.77%"
"12/01/2025","441.48","446.00","447.00","438.00","1.35M","-0.76%"
"11/28/2025","444.86","442.00","454.00","442.00","2.60M","0.92%"
"11/27/2025","440.79","422.15","443.00","422.15","4.22M","4.42%"
"11/26/2025","422.15","414.50","423.50","410.58","1.83M","2.54%"
"11/25/2025","411.69","414.60","417.00","410.00","1.01M","-0.38%"
"11/24/2025","413.27","418.00","420.89","410.00","991.02K","-1.06%"
"11/21/2025","417.71","420.00","422.00","417.00","734.52K","-0.50%"
"11/20/2025","419.81","422.50","426.60","418.01","1.12M","-0.47%"
"11/19/2025","421.80","421.00","425.50","420.00","822.74K","0.29%"
"11/18/2025","420.56","429.90","430.25","419.50","1.07M","-1.47%"
"11/17/2025","426.84","426.50","433.00","425.80","1.04M","0.42%"
"11/14/2025","425.05","422.00","426.45","420.50","1.55M","0.74%"
"11/13/2025","421.92","418.00","422.86","418.00","587.96K","1.15%"
"11/12/2025","417.11","423.49","423.90","414.00","756.24K","-0.73%"
"11/11/2025","420.16","427.50","427.98","418.00","1.09M","-1.47%"
"11/10/2025","426.41","428.51","432.47","422.62","1.84M","-0.11%"
"11/07/2025","426.87","422.00","429.67","421.90","461.15K","1.18%"
"11/06/2025","421.90","429.97","432.93","416.99","658.21K","-1.07%"
"11/05/2025","426.46","430.00","438.00","425.00","898.69K","-2.20%"
"11/04/2025","436.05","443.00","443.70","435.00","431.63K","-1.12%"
"11/03/2025","440.97","449.99","452.99","434.99","1.07M","-2.97%"
"10/31/2025","454.47","429.99","466.48","429.00","1.46M","6.76%"
"10/30/2025","425.71","432.00","433.49","425.00","604.30K","-0.54%"
"10/29/2025","428.04","431.00","435.00","426.50","645.12K","-0.66%"
"10/28/2025","430.89","440.00","447.10","430.00","481.24K","-1.83%"
"10/27/2025","438.90","442.00","442.00","435.00","529.58K","-0.87%"
"10/24/2025","442.74","450.00","452.00","441.10","1.03M","-2.12%"
"10/23/2025","452.35","456.00","457.02","449.00","506.62K","-0.52%"
"10/22/2025","454.70","459.01","460.20","452.25","754.68K","-0.77%"
"10/21/2025","458.23","460.67","465.00","450.10","594.67K","-0.53%"
"10/20/2025","460.67","455.00","462.49","452.01","641.94K","1.46%"
"10/17/2025","454.02","454.39","455.36","447.00","667.86K","-0.08%"
"10/16/2025","454.39","462.00","465.00","453.00","1.02M","-0.87%"
"10/15/2025","458.36","451.98","461.79","448.01","1.38M","2.02%"
"10/14/2025","449.27","435.00","450.92","435.00","1.18M","4.40%"
"10/13/2025","430.35","439.00","447.48","425.10","1.92M","-3.35%"
"10/10/2025","445.28","441.16","454.00","439.20","1.39M","0.19%"
"10/09/2025","444.42","442.39","450.00","441.49","690.40K","0.46%"
"10/08/2025","442.39","446.00","453.00","440.00","1.09M","-0.54%"
"10/07/2025","444.80","451.99","455.00","442.00","1.39M","-1.27%"
"10/06/2025","450.52","459.00","464.22","443.00","1.81M","-1.91%"
"10/03/2025","459.30","482.00","484.10","455.00","3.06M","-5.18%"
"10/02/2025","484.37","445.01","490.00","444.00","2.88M","8.64%"
"10/01/2025","445.83","431.11","448.98","431.11","1.38M","2.26%"
"09/30/2025","435.98","421.00","438.00","421.00","2.41M","4.08%"
"09/29/2025","418.88","413.00","420.00","411.80","1.14M","1.81%"
"09/26/2025","411.45","408.00","413.00","405.00","1.59M","1.81%"
"09/25/2025","404.15","403.00","405.00","400.29","357.94K","0.96%"
"09/24/2025","400.29","403.10","405.90","398.80","582.32K","-0.60%"
"09/23/2025","402.70","405.76","408.40","401.60","992.51K","-0.75%"
"09/22/2025","405.76","412.00","412.50","405.00","1.16M","-1.50%"
"09/19/2025","411.95","414.00","414.90","411.00","716.02K","-0.15%"
"09/18/2025","412.57","413.20","415.50","411.50","496.80K","0.15%"
"09/17/2025","411.95","416.75","418.49","409.90","699.56K","-1.00%"
"09/16/2025","416.10","407.99","417.45","406.00","1.91M","2.64%"
"09/15/2025","405.39","403.50","408.00","403.50","211.88K","0.31%"
"09/12/2025","404.15","408.20","408.20","402.00","525.63K","-1.02%"
"09/11/2025","408.31","406.25","412.00","403.00","840.95K","0.99%"
"09/10/2025","404.30","409.00","409.00","401.00","610.35K","-0.50%"
"09/09/2025","406.35","394.50","409.00","393.01","3.48M","3.13%"
"09/08/2025","394.03","392.01","394.94","392.01","1.75M","0.61%"
"09/05/2025","391.65","390.42","393.00","389.50","1.34M","0.32%"
"09/04/2025","390.42","391.00","391.49","388.06","1.04M","0.47%"
"09/03/2025","388.59","390.00","392.00","387.50","1.34M","-0.36%"
"09/02/2025","389.98","392.00","393.00","389.80","694.94K","-0.42%"
"09/01/2025","391.64","391.50","394.50","390.80","1.42M","0.18%"
"08/29/2025","390.93","395.00","397.01","390.00","1.39M","-1.03%"
"08/28/2025","395.00","395.00","399.00","393.00","923.41K","0.01%"
"08/27/2025","394.97","391.00","395.90","391.00","1.93M","0.95%"
"08/26/2025","391.24","394.90","396.00","389.21","1.78M","-1.31%"
"08/25/2025","396.42","404.21","404.21","390.89","1.50M","-3.12%"
"08/22/2025","409.19","414.10","415.90","407.01","1.80M","-1.05%"
"08/21/2025","413.55","426.16","426.45","409.00","2.69M","-2.96%"
"08/20/2025","426.16","427.90","429.97","425.00","1.05M","0.33%"
"08/19/2025","424.77","412.01","431.00","412.01","4.24M","3.57%"
"08/18/2025","410.12","395.00","414.47","395.00","2.57M","4.23%"
"08/15/2025","393.46","387.02","394.60","387.02","2.22M","1.66%"
"08/13/2025","387.02","384.40","400.01","381.22","5.50M","1.27%"
"08/12/2025","382.17","378.00","382.99","378.00","993.64K","1.11%"
"08/11/2025","377.97","370.00","379.00","370.00","1.41M","2.16%"
"08/08/2025","369.99","371.00","373.75","368.10","1.02M","0.13%"
"08/07/2025","369.51","376.00","376.51","368.96","980.58K","-1.24%"
"08/06/2025","374.15","364.50","376.00","363.81","2.37M","2.83%"
"08/05/2025","363.87","362.35","365.00","362.00","591.96K","0.45%"
"08/04/2025","362.25","363.35","366.00","361.06","561.63K","-0.20%"
"08/01/2025","362.99","360.45","364.05","358.02","499.10K","0.70%"
"07/31/2025","360.45","365.02","365.99","359.04","561.43K","-0.16%"
"07/30/2025","361.03","355.00","364.00","352.80","922.45K","2.09%"
"07/29/2025","353.64","351.20","357.99","351.20","787.33K","0.83%"
"07/28/2025","350.72","355.00","358.00","349.89","1.08M","-1.24%"
"07/25/2025","355.13","353.00","359.50","351.51","632.23K","1.14%"
"07/24/2025","351.11","354.60","358.00","350.12","789.08K","-0.92%"
"07/23/2025","354.36","358.00","358.87","353.51","472.84K","-0.57%"
"07/22/2025","356.39","355.80","361.90","355.70","1.13M","0.21%"
"07/21/2025","355.66","356.15","358.70","353.01","1.00M","-0.06%"
"07/18/2025","355.88","360.92","365.00","355.05","661.17K","-1.40%"
"07/17/2025","360.92","356.00","363.75","353.00","1.09M","1.15%"
"07/16/2025","356.83","365.94","365.94","352.51","2.75M","-2.50%"
"07/15/2025","365.97","376.00","377.78","365.25","1.54M","-2.62%"
"07/14/2025","375.82","380.00","380.00","373.50","2.46M","0.11%"
"07/11/2025","375.42","375.11","381.00","374.00","848.73K","0.17%"
"07/10/2025","374.79","363.27","395.00","363.00","2.01M","3.17%"
"07/09/2025","363.27","363.00","364.50","359.00","732.00K","0.24%"
"07/08/2025","362.40","360.10","364.50","355.60","1.26M","0.95%"
"07/07/2025","358.98","358.99","364.89","355.65","1.09M","0.95%"
"07/04/2025","355.60","351.99","357.00","350.00","903.72K","1.19%"
"07/03/2025","351.42","360.00","362.00","346.20","1.35M","-1.60%"
"07/02/2025","357.12","347.00","366.00","347.00","1.99M","3.41%"
"07/01/2025","345.36","333.00","348.00","332.10","1.46M","4.01%"
"06/30/2025","332.05","334.00","336.88","330.97","791.12K","0.84%"
"06/27/2025","329.28","320.00","334.01","320.00","970.17K","2.98%"
"06/26/2025","319.76","321.00","323.50","318.00","469.80K","-0.14%"
"06/25/2025","320.20","320.00","325.00","318.00","763.58K","-0.09%"
"06/24/2025","320.49","312.00","322.00","308.05","2.39M","5.16%"
"06/23/2025","304.76","305.00","310.00","300.05","1.87M","-1.13%"
"06/20/2025","308.25","308.10","311.89","307.00","746.53K","0.06%"
"06/19/2025","308.08","309.20","313.00","306.00","1.18M","-0.36%"
"06/18/2025","309.18","307.00","310.00","305.50","1.07M","0.69%"
"06/17/2025","307.06","308.50","311.90","305.50","744.93K","-0.45%"
"06/16/2025","308.45","305.05","309.90","305.05","299.49K","0.69%"
"06/13/2025","306.33","310.00","310.00","303.00","861.19K","-1.50%"
"06/12/2025","310.99","311.89","316.69","310.00","741.33K","0.04%"
"06/11/2025","310.86","312.44","316.65","309.50","1.27M","0.48%"
"06/10/2025","309.36","306.97","311.00","301.12","1.16M","1.78%"
"06/05/2025","303.94","310.00","310.80","303.00","811.33K","-2.11%"
"06/04/2025","310.48","309.42","313.50","308.00","921.73K","0.34%"
"06/03/2025","309.42","306.00","311.00","296.66","6.20M","1.29%"
"06/02/2025","305.48","307.50","310.00","300.00","1.50M","0.72%"
"05/30/2025","303.29","290.00","312.99","288.30","2.19M","4.40%"
"05/29/2025","290.51","290.00","294.90","287.50","495.33K","0.43%"
"05/27/2025","289.28","284.51","290.81","284.50","1.86M","1.61%"
"05/26/2025","284.69","285.00","289.50","283.50","618.59K","-1.13%"
"05/23/2025","287.93","286.28","293.50","284.53","833.30K","0.58%"
"05/22/2025","286.28","289.02","290.99","284.50","663.62K","-0.90%"
"05/21/2025","288.89","288.90","292.49","287.69","756.81K","0.50%"
"05/20/2025","287.46","287.00","288.90","284.00","4.06M","0.51%"
"05/19/2025","286.01","287.99","287.99","283.60","368.74K","-0.21%"
"05/16/2025","286.62","286.49","288.33","285.00","1.56M","0.36%"
"05/15/2025","285.60","282.00","287.00","281.00","3.18M","1.91%"
"05/14/2025","280.24","277.45","284.00","275.00","1.86M","1.57%"
"05/13/2025","275.92","289.90","289.90","274.50","1.82M","-2.10%"
"05/12/2025","281.84","280.00","281.86","270.01","5.64M","9.99%"
"05/09/2025","256.24","253.00","258.00","245.00","1.24M","1.25%"
"05/08/2025","253.07","261.00","269.00","236.60","2.37M","-3.74%"
"05/07/2025","262.89","250.01","272.00","250.01","1.78M","-2.40%"
"05/06/2025","269.35","271.44","274.48","267.50","643.34K","-0.99%"
"05/05/2025","272.03","275.00","275.99","269.00","422.77K","-0.44%"
"05/02/2025","273.24","267.00","274.51","264.00","674.31K","3.42%"
"04/30/2025","264.21","270.00","271.90","263.00","1.64M","-2.85%"
"04/29/2025","271.96","270.27","276.40","268.00","1.99M","-1.92%"
"04/28/2025","277.27","273.40","279.95","271.61","1.58M","2.08%"
"04/25/2025","271.61","265.20","272.86","265.20","2.09M","2.42%"
"04/24/2025","265.20","260.00","270.00","260.00","1.07M","-1.49%"
"04/23/2025","269.20","270.00","272.50","265.90","824.65K","-0.26%"
"04/22/2025","269.90","280.00","280.44","268.50","2.41M","-3.26%"
"04/21/2025","279.00","257.00","281.00","256.80","5.50M","9.13%"
"04/18/2025","255.65","253.00","259.00","251.00","1.28M","1.08%"
"04/17/2025","252.92","252.99","254.80","252.00","420.15K","-0.07%"
"04/16/2025","253.09","256.02","259.40","250.20","988.04K","-1.14%"
"04/15/2025","256.02","258.51","261.00","255.00","1.01M","-0.82%"
"04/14/2025","258.14","257.45","259.90","255.00","853.51K","0.88%"
"04/11/2025","255.90","255.00","258.79","253.89","384.20K","-0.45%"
"04/10/2025","257.06","267.00","267.90","255.00","1.21M","-1.08%"
"04/09/2025","259.87","259.00","260.90","250.03","648.39K","-0.30%"
"04/08/2025","260.64","256.88","263.49","256.00","1.53M","1.46%"
"04/07/2025","256.88","266.00","266.00","241.00","2.16M","-3.18%"
"04/04/2025","265.33","256.70","277.00","256.70","3.88M","3.46%"
"04/03/2025","256.46","247.45","258.00","244.50","1.42M","3.66%"
"03/27/2025","247.40","245.00","247.99","243.00","550.36K","1.02%"
"03/26/2025","244.90","240.00","245.90","240.00","1.16M","2.42%"
"03/25/2025","239.12","236.00","241.49","236.00","715.77K","1.55%"
"03/24/2025","235.48","239.85","242.00","234.90","812.47K","-1.82%"
"03/21/2025","239.85","242.00","242.85","239.40","713.31K","-0.49%"
"03/20/2025","241.03","242.00","244.00","240.60","1.59M","-2.61%"
"03/19/2025","247.50","244.00","248.50","243.85","2.29M","1.11%"
"03/18/2025","244.79","243.50","245.44","242.87","2.13M","0.63%"
"03/17/2025","243.26","241.51","243.60","241.31","2.20M","0.61%"
"03/14/2025","241.79","241.75","243.48","240.65","1.05M","0.33%"
"03/13/2025","241.00","241.24","241.90","240.60","323.71K","0.40%"
"03/12/2025","240.04","242.90","243.50","239.03","1.52M","-0.48%"
"03/11/2025","241.20","240.20","243.90","240.20","1.77M","0.89%"
"03/10/2025","239.07","239.00","241.50","236.49","1.72M","0.10%"
"03/07/2025","238.84","241.99","241.99","238.60","585.21K","-0.50%"
"03/06/2025","240.05","243.23","243.23","239.50","1.29M","-1.31%"
"03/05/2025","243.23","243.00","244.90","241.69","739.30K","0.11%"
"03/04/2025","242.96","242.00","243.10","241.97","226.09K","0.01%"
"03/03/2025","242.94","242.00","243.87","241.50","1.24M","0.43%"
"02/28/2025","241.90","237.38","244.90","237.38","2.17M","1.21%"
"02/27/2025","239.01","239.90","239.90","237.00","1.40M","1.01%"
"02/26/2025","236.63","239.40","240.00","236.02","822.53K","-0.94%"
"02/25/2025","238.88","239.99","240.80","238.00","1.82M","-0.48%"
"02/24/2025","240.04","235.95","242.00","232.75","1.27M","2.32%"
"02/21/2025","234.60","236.60","237.20","232.50","867.97K","-0.85%"
"02/20/2025","236.60","236.74","237.70","235.55","688.33K","-0.06%"
"02/19/2025","236.74","235.99","238.65","234.01","755.38K","0.91%"
"02/18/2025","234.61","234.50","236.00","230.00","425.27K","-0.14%"
"02/17/2025","234.93","236.35","237.90","233.85","530.61K","-0.59%"
"02/14/2025","236.33","240.00","240.30","235.50","852.51K","-1.20%"
"02/13/2025","239.21","239.44","240.49","236.90","1.84M","0.52%"
"02/12/2025","237.98","239.00","239.75","236.00","708.87K","0.20%"
"02/11/2025","237.50","235.00","239.00","235.00","344.59K","0.15%"
"02/10/2025","237.15","238.00","238.86","234.00","421.38K","0.06%"
"02/07/2025","237.00","236.50","238.70","235.00","312.40K","0.37%"
"02/06/2025","236.13","240.00","241.00","235.07","1.73M","-1.61%"
"02/04/2025","240.00","244.37","246.50","239.11","589.00K","-1.49%"
"02/03/2025","243.62","245.00","249.40","243.00","1.01M","1.23%"
"01/31/2025","240.65","238.00","242.89","236.06","814.22K","1.37%"
"01/30/2025","237.40","237.00","239.00","236.00","1.23M","0.19%"
"01/29/2025","236.95","238.89","241.90","236.03","162.59K","-0.81%"
"01/28/2025","238.89","240.03","243.50","237.37","794.68K","-1.26%"
"01/27/2025","241.94","245.00","246.00","239.50","443.23K","-1.09%"
"01/24/2025","244.60","243.77","245.50","242.50","1.00M","0.97%"
"01/23/2025","242.26","243.04","245.50","241.00","501.05K","-0.32%"
"01/22/2025","243.04","246.00","251.00","242.00","1.24M","-1.19%"
"01/21/2025","245.97","241.90","248.19","240.50","1.22M","2.20%"
"01/20/2025","240.68","238.50","241.86","237.00","1.98M","1.58%"
"01/17/2025","236.93","236.36","238.00","235.50","682.01K","0.24%"
"01/16/2025","236.36","238.47","238.47","235.50","1.31M","-0.46%"
"01/15/2025","237.46","237.99","238.99","236.00","1.22M","0.03%"
"01/14/2025","237.40","237.00","238.98","234.01","1.41M","0.34%"
"01/13/2025","236.59","233.91","240.39","233.91","1.62M","1.41%"
"01/10/2025","233.31","234.00","236.43","232.00","1.02M","-0.71%"
"01/09/2025","234.99","241.50","242.06","234.50","1.74M","-2.68%"
"01/08/2025","241.47","247.00","249.44","240.00","637.78K","-1.76%"
"01/07/2025","245.80","243.00","247.50","240.00","1.29M","1.15%"
"01/06/2025","243.00","246.17","247.00","241.00","802.31K","-1.42%"
"01/03/2025","246.50","247.00","249.50","240.40","909.25K","-0.12%"
"01/02/2025","246.80","241.30","252.50","241.30","2.78M","0.49%"
"01/01/2025","245.60","239.11","250.00","239.11","1.59M","2.33%"
"12/31/2024","240.00","244.99","244.99","238.00","1.98M","-1.54%"
"12/30/2024","243.75","234.00","246.90","233.01","6.02M","5.06%"
"12/27/2024","232.00","222.50","232.97","220.77","3.68M","4.84%"
"12/26/2024","221.30","223.10","225.35","220.00","3.52M","-0.98%"
"12/24/2024","223.49","221.80","225.10","219.01","5.94M","1.13%"
"12/23/2024","221.00","226.00","226.00","216.57","2.24M","0.97%"
"12/20/2024","218.88","211.99","226.50","211.50","1.70M","3.83%"
"12/19/2024","210.80","212.96","217.50","210.00","3.41M","-1.72%"
"12/18/2024","214.49","227.00","229.44","212.00","2.79M","-5.09%"
"12/17/2024","225.99","221.10","230.30","221.10","3.65M","0.04%"
"12/16/2024","225.89","228.10","228.92","223.50","2.13M","-1.14%"
"12/13/2024","228.49","241.50","242.01","227.50","4.25M","-5.15%"
"12/12/2024","240.90","246.50","246.50","239.42","1.86M","-1.91%"
"12/11/2024","245.60","243.54","248.75","243.11","1.00M","-0.53%"
"12/10/2024","246.90","245.00","254.00","240.95","3.21M","-0.64%"
"12/09/2024","248.50","257.00","257.00","239.00","2.63M","-2.36%"
"12/06/2024","254.50","246.10","260.00","241.50","2.93M","3.88%"
"12/05/2024","245.00","235.00","245.50","233.03","2.80M","4.71%"
"12/04/2024","233.99","237.07","241.50","233.50","1.59M","-1.19%"
"12/03/2024","236.80","238.00","242.00","234.90","974.53K","-0.50%"
"12/02/2024","238.00","228.36","240.99","228.00","2.53M","4.66%"
"11/29/2024","227.40","226.50","231.07","225.20","2.23M","0.09%"
"11/28/2024","227.20","232.00","232.00","225.60","3.15M","-2.43%"
"11/27/2024","232.85","221.00","238.00","221.00","10.80M","-1.76%"
"11/26/2024","237.01","260.00","280.00","237.01","9.78M","-10.22%"
"11/25/2024","263.98","257.44","281.00","252.05","2.08M","2.32%"
"11/22/2024","258.00","237.00","258.54","237.00","5.50M","8.86%"
"11/21/2024","237.00","232.30","237.00","230.00","1.43M","1.76%"
"11/20/2024","232.90","232.00","233.80","231.00","1.34M","0.93%"
"11/19/2024","230.75","231.00","232.00","229.21","5.13M","0.76%"
"11/18/2024","229.00","233.00","233.00","227.00","1.63M","-0.43%"
"11/15/2024","230.00","228.10","232.87","228.00","3.69M","1.39%"
"11/14/2024","226.85","225.80","228.00","224.41","2.74M","0.93%"
"11/13/2024","224.75","227.49","227.90","223.55","1.75M","-1.42%"
"11/12/2024","227.99","227.00","228.90","226.00","317.04K","0.02%"
"11/11/2024","227.95","228.72","229.90","227.27","382.24K","-0.65%"
"11/08/2024","229.44","230.49","232.00","228.00","569.71K","-0.46%"
"11/07/2024","230.50","232.45","233.90","230.00","461.78K","-0.96%"
"11/06/2024","232.74","231.15","233.00","231.00","527.18K","0.23%"
"11/05/2024","232.20","230.00","233.00","228.00","998.52K","-0.56%"
"11/04/2024","233.50","233.00","233.50","229.00","712.70K","1.08%"
"11/01/2024","231.00","232.00","234.50","230.00","1.22M","-0.83%"
"10/31/2024","232.94","238.98","241.20","231.00","738.40K","-2.54%"
"10/30/2024","239.00","241.00","241.95","238.00","680.13K","-0.97%"
"10/29/2024","241.35","239.50","242.51","239.50","6.94M","-2.25%"
"10/28/2024","246.90","246.90","249.00","245.00","971.94K","0.14%"
"10/25/2024","246.55","242.30","247.00","242.30","1.40M","1.78%"
"10/24/2024","242.25","241.60","243.39","241.00","1.05M","0.44%"
"10/23/2024","241.20","242.00","242.00","240.50","618.76K","0.00%"
"10/22/2024","241.20","241.35","242.50","240.75","282.69K","0.08%"
"10/21/2024","241.00","242.00","243.00","240.50","721.43K","0.05%"
"10/18/2024","240.87","240.00","242.10","240.00","615.84K","0.36%"
"10/17/2024","240.00","240.50","242.49","236.01","1.34M","0.00%"
"10/16/2024","240.00","242.34","243.99","239.91","637.45K","-1.02%"
"10/15/2024","242.48","242.00","242.90","240.50","290.01K","0.57%"
"10/14/2024","241.10","241.00","243.99","241.00","244.77K","0.04%"
"10/11/2024","241.00","241.25","243.00","239.01","431.87K","0.10%"
"10/10/2024","240.75","241.04","244.00","240.75","566.68K","-0.21%"
"10/09/2024","241.25","241.00","243.95","239.00","838.24K","-0.08%"
"10/08/2024","241.44","239.74","242.24","239.74","1.24M","0.61%"
"10/07/2024","239.98","237.00","241.50","237.00","776.32K","1.47%"
"10/04/2024","236.50","230.00","237.25","230.00","1.54M","2.60%"
"10/03/2024","230.50","228.75","232.00","227.00","494.21K","0.66%"
"10/02/2024","228.99","227.39","229.99","226.00","245.75K","0.54%"
"10/01/2024","227.75","228.15","229.00","225.00","234.92K","-0.76%"
"09/30/2024","229.50","232.00","232.80","208.43","285.91K","-1.07%"
"09/27/2024","231.98","234.00","234.00","230.15","138.14K","-1.24%"
"09/26/2024","234.90","236.00","237.01","232.00","301.12K","-0.03%"
"09/25/2024","234.98","233.00","236.01","232.00","2.48M","0.85%"
"09/24/2024","233.00","235.00","235.97","227.86","623.78K","-0.55%"
"09/23/2024","234.30","236.03","237.25","231.95","328.34K","-0.30%"
"09/20/2024","235.00","226.90","237.00","226.89","2.09M","4.26%"
"09/19/2024","225.40","218.00","227.45","217.81","1.58M","4.11%"
"09/18/2024","216.50","212.64","218.99","212.64","1.36M","1.17%"
"09/16/2024","214.00","214.98","218.00","212.00","456.98K","-0.69%"
"09/13/2024","215.49","220.00","220.00","213.33","585.44K","-0.34%"
"09/12/2024","216.23","216.90","218.00","215.91","384.28K","0.01%"
"09/11/2024","216.20","221.50","224.00","215.63","465.65K","-2.19%"
"09/10/2024","221.03","221.00","221.80","217.78","914.73K","0.58%"
"09/09/2024","219.75","221.99","223.47","218.22","478.44K","-1.01%"
"09/06/2024","222.00","224.46","225.50","220.50","637.18K","-0.85%"
"09/05/2024","223.90","226.00","227.00","223.01","433.16K","-0.58%"
"09/04/2024","225.20","230.50","230.50","224.98","377.52K","-1.44%"
"09/03/2024","228.50","231.00","236.00","227.50","1.02M","-1.08%"
"09/02/2024","231.00","236.89","236.89","230.10","457.05K","-1.70%"
"08/30/2024","235.00","235.90","237.70","234.50","315.75K","-0.55%"
"08/29/2024","236.31","239.99","239.99","236.30","1.00M","-1.13%"
"08/28/2024","239.01","240.00","240.49","237.65","273.24K","-0.49%"
"08/27/2024","240.19","240.25","240.74","239.50","162.38K","-0.02%"
"08/26/2024","240.25","240.98","241.45","239.00","255.55K","-0.27%"
"08/23/2024","240.90","240.00","241.37","240.00","592.64K","0.35%"
"08/22/2024","240.05","241.92","242.47","240.00","103.79K","-0.44%"
"08/21/2024","241.11","243.00","243.00","241.00","706.61K","-0.34%"
"08/20/2024","241.93","242.00","244.00","241.20","439.07K","0.00%"
"08/19/2024","241.93","242.00","245.90","237.55","2.11M","-2.64%"
"08/16/2024","248.50","241.60","249.49","241.60","3.13M","2.69%"
"08/15/2024","242.00","239.50","242.30","238.50","609.83K","1.04%"
"08/13/2024","239.50","242.00","242.00","238.15","303.84K","-0.78%"
"08/12/2024","241.39","247.89","248.00","240.85","308.31K","-1.67%"
"08/09/2024","245.50","241.96","248.44","240.36","845.90K","1.47%"
"08/08/2024","241.94","242.00","242.95","240.00","1.08M","-0.02%"
"08/07/2024","242.00","241.21","242.28","240.01","587.59K","0.84%"
"08/06/2024","239.99","238.50","241.90","237.90","1.15M","0.83%"
"08/05/2024","238.01","240.50","240.90","236.70","899.17K","-0.97%"
"08/02/2024","240.35","239.00","240.50","238.99","218.84K","0.26%"
"08/01/2024","239.73","238.00","240.76","238.00","244.45K","0.68%"
"07/31/2024","238.10","238.10","241.90","238.00","308.11K","-0.17%"
"07/30/2024","238.50","239.60","239.60","236.00","348.34K","0.25%"
"07/29/2024","237.90","238.00","239.20","237.00","436.32K","0.40%"
"07/26/2024","236.95","239.01","240.40","235.60","599.19K","-0.86%"
"07/25/2024","239.00","244.80","244.80","239.00","381.00K","-1.85%"
"07/24/2024","243.50","239.90","244.00","236.00","1.50M","2.40%"
"07/23/2024","237.80","236.00","239.90","236.00","784.00K","0.76%"
"07/22/2024","236.00","238.90","242.48","235.00","3.42M","-1.46%"
"07/19/2024","239.50","241.99","241.99","237.50","1.33M","-0.17%"
"07/18/2024","239.90","238.49","242.25","236.75","1.40M","1.14%"
"07/15/2024","237.20","240.50","242.50","236.00","1.60M","-0.13%"
"07/12/2024","237.50","236.00","238.70","230.00","995.73K","0.21%"
"07/11/2024","237.00","237.50","237.99","236.00","591.81K","-0.42%"
"07/10/2024","238.00","239.00","239.80","237.05","569.04K","-0.31%"
"07/09/2024","238.75","240.00","241.79","237.99","1.66M","-0.31%"
"07/08/2024","239.50","240.90","242.00","238.60","588.10K","-0.22%"
"07/05/2024","240.03","242.70","244.25","239.50","3.37M","-1.02%"
"07/04/2024","242.50","240.50","242.80","239.00","963.46K","1.25%"
"07/03/2024","239.50","241.00","242.00","239.40","1.20M","-0.82%"
"07/02/2024","241.49","238.50","241.50","238.50","933.38K","1.00%"
"07/01/2024","239.10","240.00","242.50","237.99","751.95K","0.04%"
"06/28/2024","239.00","237.00","240.75","235.00","1.00M","0.63%"
"06/27/2024","237.50","240.05","242.48","235.00","572.61K","-0.57%"
"06/26/2024","238.85","240.50","242.70","238.00","940.54K","-0.54%"
"06/25/2024","240.15","240.02","242.20","239.00","1.54M","-0.35%"
"06/24/2024","241.00","247.35","249.00","238.60","1.00M","-2.31%"
"06/21/2024","246.71","255.50","263.89","245.00","2.22M","-3.46%"
"06/20/2024","255.55","243.00","257.50","243.00","2.28M","5.16%"
"06/14/2024","243.00","234.50","243.95","232.01","3.18M","4.09%"
"06/13/2024","233.45","223.14","235.00","223.00","1.58M","4.22%"
"06/12/2024","223.99","222.00","224.40","220.20","757.27K","-0.12%"
"06/11/2024","224.25","229.00","229.00","219.50","1.04M","-1.08%"
"06/10/2024","226.70","230.98","230.98","223.61","521.77K","-0.83%"
"06/07/2024","228.60","240.97","240.97","220.66","2.71M","-4.55%"
"06/06/2024","239.50","240.00","241.25","237.51","933.39K","-0.62%"
"06/05/2024","241.00","240.21","241.45","237.50","1.48M","0.00%"
"06/04/2024","241.00","242.50","243.00","240.80","1.64M","-1.03%"
"06/03/2024","243.50","246.10","247.00","241.50","1.70M","-1.29%"
"05/31/2024","246.69","240.94","246.70","240.94","1.05M","2.40%"
"05/30/2024","240.90","241.92","242.44","240.15","1.32M","-0.04%"
"05/29/2024","241.00","242.00","242.00","239.80","962.41K","0.04%"
"05/27/2024","240.90","241.07","244.00","239.00","865.80K","-0.25%"
"05/24/2024","241.50","235.50","243.88","235.50","8.62M","2.72%"
"05/23/2024","235.10","235.00","237.49","234.50","403.20K","0.26%"
"05/22/2024","234.50","235.00","238.95","232.00","1.93M","0.59%"
"05/21/2024","233.12","225.90","237.00","224.00","2.76M","3.24%"
"05/20/2024","225.80","223.60","225.85","222.52","841.74K","1.03%"
"05/17/2024","223.50","225.00","225.50","223.00","918.99K","-0.67%"
"05/16/2024","225.00","222.70","226.50","222.00","3.13M","1.08%"
"05/15/2024","222.60","217.70","223.75","217.70","2.62M","2.42%"
"05/14/2024","217.35","211.05","219.00","211.03","1.30M","2.94%"
"05/13/2024","211.15","211.00","213.23","210.80","807.66K","-0.16%"
"05/10/2024","211.48","212.00","212.95","210.50","3.38M","0.22%"
"05/09/2024","211.02","212.74","212.75","210.12","881.77K","-0.32%"
"05/08/2024","211.69","212.98","212.98","209.00","909.95K","0.19%"
"05/07/2024","211.29","214.00","214.00","210.40","1.07M","-1.29%"
"05/06/2024","214.05","216.98","216.98","213.46","338.51K","-0.42%"
"05/03/2024","214.95","211.90","216.00","211.10","917.39K","1.64%"
"05/02/2024","211.48","212.30","213.30","210.00","1.01M","-0.94%"
"04/30/2024","213.49","216.70","216.70","212.00","821.84K","-0.28%"
"04/29/2024","214.10","216.10","219.90","209.90","1.52M","-3.12%"
"04/26/2024","221.00","218.76","222.50","217.41","1.75M","0.91%"
"04/25/2024","219.00","216.50","219.70","212.95","3.63M","1.62%"
"04/24/2024","215.50","218.95","220.80","215.10","1.09M","-1.60%"
"04/23/2024","219.00","223.00","223.50","217.00","1.25M","-2.21%"
"04/22/2024","223.95","224.70","226.90","221.57","1.60M","0.43%"
"04/19/2024","222.99","221.00","229.20","217.30","2.12M","0.81%"
"04/18/2024","221.20","230.00","232.00","216.50","5.23M","-3.83%"
"04/17/2024","230.00","227.01","230.00","225.00","1.62M","0.88%"
"04/16/2024","227.99","227.05","231.00","227.05","931.99K","-0.66%"
"04/15/2024","229.50","229.01","233.00","228.13","4.39M","-0.65%"
"04/09/2024","231.01","226.00","238.00","225.60","2.59M","2.41%"
"04/08/2024","225.58","218.00","225.59","216.00","1.86M","3.72%"
"04/04/2024","217.49","212.54","218.30","211.00","1.47M","1.87%"
"04/03/2024","213.49","216.77","216.95","210.02","1.02M","-1.07%"
"04/02/2024","215.80","214.98","217.00","214.98","1.76M","0.37%"
"04/01/2024","215.00","214.75","217.80","214.02","1.03M","0.24%"
"03/29/2024","214.48","211.49","214.89","211.01","1.76M","1.41%"
"03/28/2024","211.50","211.00","212.90","210.50","4.79M","0.36%"
"03/27/2024","210.75","208.11","211.89","208.11","2.38M","1.27%"
"03/26/2024","208.10","200.90","209.20","200.00","3.65M","4.10%"
"03/25/2024","199.90","198.40","200.50","197.30","1.38M","1.27%"
"03/22/2024","197.40","196.25","198.50","195.50","1.30M","0.46%"
"03/21/2024","196.50","195.00","199.70","195.00","2.38M","-3.49%"
"03/20/2024","203.60","202.00","203.98","201.00","1.80M","1.39%"
"03/19/2024","200.80","197.99","204.70","197.00","4.09M","2.08%"
"03/18/2024","196.70","193.00","198.00","193.00","1.55M","2.18%"
"03/15/2024","192.51","191.50","194.50","189.75","987.74K","1.06%"
"03/14/2024","190.50","186.50","191.80","186.50","1.43M","2.28%"
"03/13/2024","186.26","186.50","187.50","185.99","1.48M","-0.50%"
"03/12/2024","187.20","186.97","187.95","186.21","679.26K","0.24%"
"03/11/2024","186.75","188.00","188.00","185.46","331.29K","-0.78%"
"03/08/2024","188.21","191.00","191.20","188.05","326.38K","-0.99%"
"03/07/2024","190.10","194.50","194.50","189.00","806.14K","-1.35%"
"03/06/2024","192.70","193.96","194.50","191.50","472.38K","0.10%"
"03/05/2024","192.50","193.00","195.89","192.00","316.29K","-0.77%"
"03/04/2024","194.00","196.00","198.20","191.55","643.88K","-0.77%"
"03/01/2024","195.50","189.99","197.00","187.00","2.84M","4.27%"
"02/29/2024","187.50","184.81","189.90","184.25","1.63M","1.90%"
"02/28/2024","184.00","184.96","186.20","183.50","3.10M","-0.14%"
"02/27/2024","184.25","184.00","185.40","182.05","1.77M","-0.41%"
"02/26/2024","185.00","183.00","187.98","182.01","1.98M","1.26%"
"02/23/2024","182.70","175.75","182.90","175.75","2.58M","3.87%"
"02/22/2024","175.90","168.01","176.45","168.01","1.88M","4.02%"
"02/21/2024","169.11","168.50","169.40","166.90","935.67K","1.57%"
"02/20/2024","166.50","166.12","168.90","165.10","425.98K","-0.60%"
"02/19/2024","167.50","166.99","168.75","165.00","713.79K","0.19%"
"02/16/2024","167.19","170.00","171.00","166.50","1.08M","-1.49%"
"02/15/2024","169.72","169.98","175.01","166.51","5.07M","0.69%"
"02/14/2024","168.56","170.10","171.50","168.50","603.75K","-0.55%"
"02/13/2024","169.50","165.50","170.50","162.02","2.49M","0.30%"
"02/12/2024","169.00","167.50","169.99","163.50","2.23M","0.30%"
"02/09/2024","168.50","165.06","170.00","161.00","1.15M","-1.17%"
"02/07/2024","170.50","169.99","172.44","169.75","846.85K","0.89%"
"02/06/2024","168.99","169.00","170.01","167.95","1.88M","0.89%"
"02/02/2024","167.50","166.99","168.50","165.00","897.50K","1.45%"
"02/01/2024","165.11","162.80","167.50","162.01","1.01M","1.92%"
"01/31/2024","162.00","161.40","165.99","160.01","977.14K","0.31%"
"01/30/2024","161.50","166.70","168.00","160.00","461.29K","-2.71%"
"01/29/2024","166.00","168.53","169.97","165.80","435.69K","-2.42%"
"01/26/2024","170.12","172.06","173.99","170.00","861.33K","-0.78%"
"01/25/2024","171.45","170.00","174.47","170.00","8.51M","1.45%"
"01/24/2024","169.00","168.71","170.60","167.75","1.11M","0.60%"
"01/23/2024","168.00","166.98","169.50","164.90","2.06M","1.91%"
"01/22/2024","164.85","165.50","165.83","164.11","1.84M","0.21%"
"01/19/2024","164.51","164.99","167.00","164.49","909.28K","0.01%"
"01/18/2024","164.49","164.44","164.90","162.01","5.41M","-0.07%"
"01/17/2024","164.61","161.50","164.61","160.00","2.78M","2.85%"
"01/16/2024","160.05","161.00","162.00","160.00","397.17K","-0.53%"
"01/15/2024","160.90","162.00","164.00","160.50","597.57K","-0.06%"
"01/12/2024","161.00","161.00","163.90","158.56","1.35M","1.90%"
"01/11/2024","158.00","158.71","162.50","157.00","1.36M","0.71%"
"01/10/2024","156.89","161.20","162.40","156.01","779.20K","-2.84%"
"01/09/2024","161.47","162.40","163.50","159.76","214.55K","-0.63%"
"01/08/2024","162.50","164.50","164.50","162.00","174.59K","-0.31%"
"01/05/2024","163.01","163.99","164.49","162.00","520.86K","0.01%"
"01/04/2024","163.00","164.00","165.00","161.77","249.27K","-0.48%"
"01/03/2024","163.79","167.00","167.93","162.97","936.86K","-1.33%"
"01/02/2024","166.00","165.98","168.99","164.00","1.19M","0.91%"
"01/01/2024","164.50","162.00","166.30","161.36","603.65K","2.18%"
"12/29/2023","160.99","162.00","163.66","160.00","694.66K","-1.23%"
"12/28/2023","163.00","158.99","166.00","158.99","2.40M","3.46%"
"12/27/2023","157.55","149.98","159.00","146.15","1.17M","6.74%"
"12/26/2023","147.60","150.85","150.85","146.00","992.47K","-2.09%"
"12/22/2023","150.75","153.50","153.50","150.50","342.33K","-1.46%"
"12/21/2023","152.99","153.20","153.49","149.00","727.26K","-0.01%"
"12/20/2023","153.00","157.84","157.88","150.10","1.28M","-1.12%"
"12/19/2023","154.74","154.00","158.50","151.66","2.38M","0.49%"
"12/18/2023","153.99","160.00","162.40","153.00","1.28M","-3.03%"
"12/15/2023","158.80","162.00","162.45","157.00","2.60M","-1.31%"
"12/14/2023","160.90","164.71","166.50","160.02","1.21M","-2.31%"
"12/13/2023","164.70","171.00","173.00","157.27","1.25M","-3.11%"
"12/12/2023","169.99","170.20","170.95","169.10","624.25K","0.01%"
"12/11/2023","169.97","173.10","175.89","166.00","1.49M","-2.38%"
"12/08/2023","174.11","174.00","178.98","173.00","3.87M","0.06%"
"12/07/2023","174.00","166.90","174.75","164.99","3.26M","4.57%"
"12/06/2023","166.40","160.12","167.30","159.81","5.16M","3.68%"
"12/05/2023","160.50","155.90","161.51","155.90","3.01M","3.22%"
"12/04/2023","155.49","153.00","156.30","153.00","978.13K","0.19%"
"12/01/2023","155.20","155.25","156.00","153.50","1.18M","0.45%"
"11/30/2023","154.50","159.80","161.00","152.50","2.25M","-1.28%"
"11/29/2023","156.50","159.51","161.80","156.50","5.22M","-2.03%"
"11/28/2023","159.75","158.17","160.98","156.03","4.24M","1.43%"
"11/27/2023","157.50","158.49","161.50","149.50","9.00M","-1.75%"
"11/24/2023","160.30","162.50","166.00","160.01","1.91M","-1.05%"
"11/23/2023","162.00","153.00","163.00","152.50","3.19M","5.54%"
"11/22/2023","153.50","147.50","154.30","147.00","2.73M","4.67%"
"11/21/2023","146.65","146.00","148.99","146.00","1.30M","0.58%"
"11/20/2023","145.80","145.94","147.47","143.01","1.31M","0.97%"
"11/17/2023","144.40","145.85","146.46","143.75","873.70K","-0.99%"
"11/16/2023","145.85","145.00","146.45","144.00","2.23M","0.21%"
"11/15/2023","145.55","145.58","146.00","142.97","3.55M","0.03%"
"11/14/2023","145.51","147.98","147.98","144.20","1.61M","-1.36%"
"11/13/2023","147.51","150.00","150.97","146.30","1.34M","-1.03%"
"11/10/2023","149.05","145.80","153.20","145.70","3.59M","2.44%"
"11/08/2023","145.50","142.70","146.47","142.50","9.76M","1.54%"
"11/07/2023","143.30","141.00","144.55","141.00","2.20M","0.84%"
"11/06/2023","142.10","142.02","143.78","139.38","1.18M","-0.28%"
"11/03/2023","142.50","136.90","143.40","135.10","5.20M","5.17%"
"11/02/2023","135.50","137.11","138.49","134.65","797.89K","-1.02%"
"11/01/2023","136.90","138.00","139.00","136.50","1.14M","-0.43%"
"10/31/2023","137.49","137.00","140.00","135.90","1.51M","1.10%"
"10/30/2023","136.00","133.90","136.65","133.49","937.36K","-1.09%"
"10/27/2023","137.50","134.61","138.80","134.61","1.39M","1.11%"
"10/26/2023","135.99","133.60","137.85","133.50","1.28M","1.67%"
"10/25/2023","133.75","133.05","135.60","133.00","1.51M","0.41%"
"10/24/2023","133.21","134.80","134.80","132.50","700.29K","-0.51%"
"10/23/2023","133.89","133.50","135.00","132.90","1.68M","0.82%"
"10/20/2023","132.80","133.00","133.99","132.26","1.31M","0.63%"
"10/19/2023","131.97","129.75","134.00","129.70","4.57M","1.91%"
"10/18/2023","129.50","128.50","129.91","127.70","1.08M","0.78%"
"10/17/2023","128.50","129.00","131.49","128.00","1.55M","0.82%"
"10/16/2023","127.45","127.99","128.85","126.50","671.87K","-0.43%"
"10/13/2023","128.00","124.31","128.85","123.75","1.95M","2.81%"
"10/12/2023","124.50","126.00","126.24","123.50","496.92K","-0.52%"
"10/11/2023","125.15","125.10","126.45","124.25","712.22K","0.12%"
"10/10/2023","125.00","121.50","126.00","121.15","1.70M","3.05%"
"10/09/2023","121.30","120.00","121.80","119.00","461.75K","0.25%"
"10/06/2023","121.00","120.95","122.00","120.52","758.95K","0.74%"
"10/05/2023","120.11","119.39","121.00","119.39","1.18M","0.34%"
"10/04/2023","119.70","117.89","120.10","117.50","2.21M","1.96%"
"10/03/2023","117.40","117.00","117.93","116.49","446.48K","0.68%"
"10/02/2023","116.61","114.99","117.90","114.55","942.56K","1.84%"
"09/28/2023","114.50","116.00","116.25","114.30","918.37K","-1.21%"
"09/27/2023","115.90","116.00","116.95","114.50","1.56M","0.09%"
"09/26/2023","115.80","117.01","117.59","115.80","503.45K","-1.02%"
"09/25/2023","116.99","117.05","118.22","116.49","546.93K","-0.05%"
"09/22/2023","117.05","117.00","117.48","115.81","1.23M","0.04%"
"09/21/2023","117.00","116.35","117.67","115.00","1.03M","0.65%"
"09/20/2023","116.24","116.50","117.49","115.96","424.67K","-0.57%"
"09/19/2023","116.91","116.79","117.50","116.11","578.53K","0.61%"
"09/18/2023","116.20","117.22","117.50","116.10","181.43K","-1.36%"
"09/15/2023","117.80","119.20","120.00","116.30","2.27M","-0.97%"
"09/14/2023","118.95","119.85","120.94","118.95","186.32K","-0.49%"
"09/13/2023","119.54","119.06","119.81","119.00","101.51K","0.45%"
"09/12/2023","119.00","120.70","120.70","118.82","526.12K","-0.83%"
"09/11/2023","120.00","120.20","122.00","118.55","2.17M","-0.21%"
"09/08/2023","120.25","118.97","120.40","117.00","2.19M","2.79%"
"09/07/2023","116.99","117.10","118.94","116.01","1.27M","0.64%"
"09/06/2023","116.25","115.51","116.75","115.25","1.52M","0.59%"
"09/05/2023","115.57","117.58","117.70","115.30","477.14K","-0.80%"
"09/04/2023","116.50","116.99","118.00","115.56","792.83K","0.87%"
"09/01/2023","115.50","117.30","117.30","115.00","1.12M","-0.43%"
"08/31/2023","116.00","122.40","122.40","115.00","7.39M","-5.68%"
"08/30/2023","122.99","123.81","124.97","121.00","652.75K","-1.07%"
"08/29/2023","124.32","126.00","126.00","124.25","292.90K","-0.98%"
"08/28/2023","125.55","126.02","126.80","125.00","1.49M","-1.14%"
"08/25/2023","127.00","125.65","127.40","124.50","1.91M","0.71%"
"08/24/2023","126.10","125.00","129.00","123.10","2.26M","1.29%"
"08/23/2023","124.50","124.39","125.00","122.11","2.04M","0.40%"
"08/22/2023","124.01","125.98","125.98","122.50","674.12K","-3.87%"
"08/21/2023","129.00","129.05","130.00","127.91","1.18M","-0.77%"
"08/18/2023","130.00","131.00","131.50","129.85","530.77K","-0.76%"
"08/17/2023","131.00","131.50","132.50","128.50","2.00M","-1.03%"
"08/16/2023","132.36","132.35","133.40","131.44","1.07M","0.08%"
"08/15/2023","132.25","133.99","133.99","130.55","765.78K","-0.94%"
"08/11/2023","133.50","130.00","137.48","129.11","5.91M","1.52%"
"08/10/2023","131.50","134.25","136.50","128.01","3.99M","-1.85%"
"08/09/2023","133.98","132.10","134.99","131.15","1.90M","1.31%"
"08/08/2023","132.25","133.81","137.05","132.01","1.84M","-1.67%"
"08/07/2023","134.49","129.00","137.14","128.50","4.24M","3.37%"
"08/04/2023","130.10","127.99","130.44","124.05","2.28M","1.88%"
"08/03/2023","127.70","131.00","132.70","127.00","2.41M","-3.25%"
"08/02/2023","131.99","131.05","134.90","130.00","2.70M","0.60%"
"08/01/2023","131.20","132.10","132.99","129.25","1.77M","-0.68%"
"07/31/2023","132.10","125.55","132.50","125.55","5.55M","4.80%"
"07/27/2023","126.05","123.20","126.50","123.00","6.03M","1.94%"
"07/26/2023","123.65","122.00","123.89","120.20","2.36M","1.86%"
"07/25/2023","121.39","120.67","123.60","119.06","2.27M","0.73%"
"07/24/2023","120.51","118.25","121.60","117.11","1.81M","2.00%"
"07/21/2023","118.15","114.00","119.50","114.00","4.29M","3.82%"
"07/20/2023","113.80","113.50","114.48","113.06","897.46K","0.93%"
"07/19/2023","112.75","112.50","113.99","111.90","1.25M","-0.17%"
"07/18/2023","112.94","111.47","114.75","110.15","2.74M","1.39%"
"07/17/2023","111.39","112.90","113.49","109.90","1.30M","-0.19%"
"07/14/2023","111.60","109.00","112.50","109.00","1.92M","1.94%"
"07/13/2023","109.48","110.95","113.53","108.62","3.28M","-0.92%"
"07/12/2023","110.50","105.00","111.07","105.00","5.30M","6.15%"
"07/11/2023","104.10","98.02","104.90","98.02","2.77M","5.84%"
"07/10/2023","98.36","97.25","98.95","97.25","552.27K","0.01%"
"07/07/2023","98.35","97.31","99.89","97.31","563.67K","-0.65%"
"07/06/2023","98.99","96.57","99.61","96.00","2.72M","2.16%"
"07/05/2023","96.90","96.97","98.90","95.51","1.81M","0.37%"
"07/04/2023","96.54","99.00","99.00","94.01","7.23M","3.97%"
"07/03/2023","92.85","92.85","92.85","92.85","1.28M","7.97%"
"06/27/2023","86.00","87.00","88.49","85.00","1.99M","-1.15%"
"06/26/2023","87.00","84.00","87.10","83.50","1.59M","4.82%"
"06/23/2023","83.00","82.70","83.70","82.70","225.76K","-0.59%"
"06/22/2023","83.49","82.42","83.94","82.42","93.82K","0.05%"
"06/21/2023","83.45","83.75","84.24","82.80","577.15K","-0.64%"
"06/20/2023","83.99","82.80","84.40","82.80","831.54K","1.20%"
"06/19/2023","82.99","86.50","86.50","82.50","1.70M","-3.22%"
"06/16/2023","85.75","87.45","87.45","85.01","1.08M","-1.66%"
"06/15/2023","87.20","88.00","88.50","86.92","670.41K","-0.40%"
"06/14/2023","87.55","86.76","87.90","86.30","794.05K","1.55%"
"06/13/2023","86.21","85.85","87.60","85.50","706.92K","1.01%"
"06/12/2023","85.35","86.09","86.78","84.50","2.31M","-0.83%"
"06/09/2023","86.06","86.29","86.99","86.00","597.76K","-0.17%"
"06/08/2023","86.21","88.00","88.00","86.15","830.02K","-1.46%"
"06/07/2023","87.49","88.99","89.25","87.30","739.83K","-1.14%"
"06/06/2023","88.50","89.01","90.00","88.40","743.53K","-0.11%"
"06/05/2023","88.60","87.44","90.30","87.15","1.48M","1.32%"
"06/02/2023","87.45","88.00","88.29","87.00","719.05K","-0.61%"
"06/01/2023","87.99","89.50","89.98","87.95","502.72K","-0.91%"
"05/31/2023","88.80","90.50","90.89","88.61","394.72K","-1.55%"
"05/30/2023","90.20","90.00","90.50","89.75","608.37K","0.33%"
"05/29/2023","89.90","90.50","91.49","89.70","1.03M","-0.10%"
"05/26/2023","89.99","91.25","91.50","89.90","668.11K","-1.49%"
"05/25/2023","91.35","91.25","93.00","91.00","204.87K","-0.04%"
"05/24/2023","91.39","91.00","92.21","91.00","238.97K","0.15%"
"05/23/2023","91.25","92.60","92.60","90.99","839.15K","-0.62%"
"05/22/2023","91.82","93.55","94.34","91.41","350.26K","-1.46%"
"05/19/2023","93.18","92.50","93.18","92.00","145.60K","0.83%"
"05/18/2023","92.41","93.50","93.50","92.40","319.83K","-0.95%"
"05/17/2023","93.30","94.34","94.34","92.99","707.29K","-0.37%"
"05/16/2023","93.65","94.00","94.51","93.10","1.03M","-0.06%"
"05/15/2023","93.71","94.50","94.50","93.50","276.21K","-0.20%"
"05/12/2023","93.90","94.80","95.00","93.90","301.94K","-0.11%"
"05/11/2023","94.00","96.75","96.89","93.85","506.59K","-0.63%"
"05/10/2023","94.60","95.55","96.00","94.16","357.46K","-1.46%"
"05/09/2023","96.00","98.47","98.47","95.10","869.01K","-1.80%"
"05/08/2023","97.76","98.33","98.80","97.30","360.53K","-0.50%"
"05/05/2023","98.25","98.80","98.80","97.95","303.95K","-0.54%"
"05/04/2023","98.78","98.01","99.20","98.01","2.85M","0.80%"
"05/03/2023","98.00","98.50","99.00","97.99","548.18K","-0.50%"
"05/02/2023","98.49","98.98","99.60","98.12","900.25K","-0.83%"
"04/28/2023","99.31","98.00","99.60","97.17","2.06M","1.68%"
"04/27/2023","97.67","95.96","98.00","95.78","827.84K","-1.09%"
"04/26/2023","98.75","99.53","100.25","98.45","1.82M","-0.43%"
"04/20/2023","99.18","98.10","99.50","97.26","3.55M","1.20%"
"04/19/2023","98.00","98.80","99.00","97.36","1.15M","-0.91%"
"04/18/2023","98.90","98.40","99.40","98.40","1.69M","0.61%"
"04/17/2023","98.30","97.15","99.90","97.15","1.12M","-0.70%"
"04/13/2023","98.99","98.50","100.00","98.00","1.14M","1.93%"
"04/12/2023","97.12","96.00","97.65","96.00","635.41K","0.85%"
"04/11/2023","96.30","96.12","96.55","96.00","204.65K","-0.16%"
"04/10/2023","96.45","96.02","97.00","96.00","513.23K","-0.05%"
"04/07/2023","96.50","97.00","98.00","96.30","212.85K","0.01%"
"04/06/2023","96.49","94.75","97.00","94.75","332.46K","1.30%"
"04/05/2023","95.25","94.98","95.40","94.61","474.44K","0.26%"
"04/04/2023","95.00","95.35","95.50","94.40","392.13K","-0.37%"
"04/03/2023","95.35","95.97","96.00","94.50","297.35K","0.47%"
"03/31/2023","94.90","94.45","95.99","93.53","267.78K","0.96%"
"03/30/2023","94.00","93.20","94.00","93.20","171.45K","1.18%"
"03/29/2023","92.90","92.97","93.95","92.25","396.91K","-0.11%"
"03/28/2023","93.00","92.99","93.10","92.00","518.72K","0.32%"
"03/27/2023","92.70","93.65","93.65","91.50","4.76M","0.05%"
"03/24/2023","92.65","93.65","93.65","92.00","125.47K","-0.29%"
"03/22/2023","92.92","94.89","94.90","92.90","3.70M","-1.15%"
"03/21/2023","94.00","95.00","95.00","93.80","667.76K","-1.62%"
"03/20/2023","95.55","96.85","96.85","95.00","222.24K","-4.22%"
"03/17/2023","99.76","100.80","101.20","99.00","1.43M","-0.14%"
"03/16/2023","99.90","100.99","100.99","99.00","884.69K","-0.11%"
"03/15/2023","100.01","98.25","101.15","97.40","922.08K","1.53%"
"03/14/2023","98.50","99.90","99.90","98.20","469.68K","-0.71%"
"03/13/2023","99.20","100.99","100.99","98.75","600.70K","-0.25%"
"03/10/2023","99.45","99.40","100.00","98.25","1.14M","1.32%"
"03/09/2023","98.15","98.80","98.80","97.40","614.82K","0.26%"
"03/08/2023","97.90","98.94","99.00","97.51","552.31K","0.20%"
"03/07/2023","97.70","99.54","100.00","97.51","865.90K","-1.80%"
"03/06/2023","99.49","100.20","102.50","99.06","796.64K","-0.92%"
"03/03/2023","100.41","97.12","101.80","97.12","4.33M","3.04%"
"03/02/2023","97.45","94.20","98.40","94.20","1.20M","2.69%"
"03/01/2023","94.90","94.51","95.50","93.51","3.84M","-0.05%"
"02/28/2023","94.95","94.50","96.27","93.50","647.52K","0.74%"
"02/27/2023","94.25","95.00","95.30","93.55","258.80K","-0.34%"
"02/24/2023","94.57","95.45","95.45","94.21","246.67K","-0.40%"
"02/23/2023","94.95","96.45","96.45","94.50","493.64K","-1.08%"
"02/22/2023","95.99","95.99","96.30","95.50","426.60K","0.25%"
"02/21/2023","95.75","96.30","96.40","95.20","300.03K","0.42%"
"02/20/2023","95.35","97.10","97.10","94.50","858.90K","-1.95%"
"02/17/2023","97.25","96.56","98.20","96.56","979.63K","0.87%"
"02/16/2023","96.41","92.97","98.04","92.40","7.24M","4.79%"
"02/15/2023","92.00","94.90","94.90","91.60","1.92M","-2.70%"
"02/14/2023","94.55","95.30","95.30","93.70","376.88K","0.04%"
"02/13/2023","94.51","95.70","96.75","93.99","755.61K","-1.04%"
"02/10/2023","95.50","96.21","97.00","93.00","1.07M","-1.55%"
"02/09/2023","97.00","94.90","97.35","94.10","1.54M","2.92%"
"02/08/2023","94.25","94.00","96.55","93.80","1.21M","0.21%"
"02/07/2023","94.05","92.30","94.89","86.11","1.02M","1.51%"
"02/06/2023","92.65","91.55","92.80","90.40","580.39K","1.25%"
"02/03/2023","91.51","92.55","93.00","90.30","261.62K","-1.28%"
"02/02/2023","92.70","93.00","93.05","92.06","175.10K","-0.12%"
"02/01/2023","92.81","92.50","93.50","92.20","242.15K","0.34%"
"01/31/2023","92.50","93.40","93.45","91.52","1.25M","0.54%"
"01/30/2023","92.00","94.00","94.00","91.41","197.70K","-1.08%"
"01/27/2023","93.00","95.61","98.25","92.30","1.26M","-2.31%"
"01/26/2023","95.20","90.24","96.25","89.98","5.19M","6.85%"
"01/25/2023","89.10","89.40","91.70","89.02","7.91M","0.91%"
"01/24/2023","88.30","88.50","89.65","88.00","483.60K","0.00%"
"01/23/2023","88.30","90.43","90.43","85.70","272.56K","0.00%"
"01/20/2023","88.30","89.10","90.49","88.02","841.16K","-1.34%"
"01/19/2023","89.50","90.12","91.88","89.00","399.81K","-0.69%"
"01/18/2023","90.12","91.95","91.95","87.01","612.88K","1.27%"
"01/17/2023","88.99","93.50","93.50","88.13","1.83M","-4.26%"
"01/16/2023","92.95","94.39","94.39","92.50","386.62K","-0.54%"
"01/13/2023","93.45","94.80","94.95","92.90","373.56K","-0.69%"
"01/12/2023","94.10","95.39","95.70","93.31","343.85K","-0.11%"
"01/11/2023","94.20","95.30","96.45","94.01","1.59M","-1.21%"
"01/10/2023","95.35","95.49","96.40","94.63","373.74K","0.37%"
"01/09/2023","95.00","96.25","99.99","94.85","2.80M","-1.48%"
"01/06/2023","96.43","98.00","98.70","96.06","2.49M","-1.59%"
"01/05/2023","97.99","98.50","99.55","97.75","567.58K","-0.86%"
"01/04/2023","98.84","100.60","100.60","98.70","374.91K","-1.06%"
"01/03/2023","99.90","100.25","101.20","99.50","218.22K","-0.60%"
"01/02/2023","100.50","99.90","101.40","99.00","1.05M","0.96%"
"12/30/2022","99.54","99.98","100.60","99.00","553.63K","0.09%"
"12/29/2022","99.45","101.00","101.00","98.40","661.84K","-0.05%"
"12/28/2022","99.50","101.49","101.49","98.20","5.09M","-1.54%"
"12/27/2022","101.06","104.30","104.50","101.02","275.91K","-0.73%"
"12/26/2022","101.80","105.45","105.45","101.70","778.82K","-1.67%"
"12/23/2022","103.53","105.12","105.12","102.93","340.43K","-1.77%"
"12/22/2022","105.40","104.00","105.77","103.30","317.55K","1.54%"
"12/21/2022","103.80","104.00","106.00","103.80","360.54K","-0.09%"
"12/20/2022","103.89","106.25","110.00","102.85","3.34M","-2.13%"
"12/19/2022","106.15","106.80","106.80","104.90","1.22M","1.10%"
"12/16/2022","105.00","105.00","106.40","103.90","842.80K","0.43%"
"12/15/2022","104.55","106.10","106.35","103.50","1.42M","-1.55%"
"12/14/2022","106.20","107.00","107.00","106.10","292.25K","-0.65%"
"12/13/2022","106.90","105.16","107.10","105.16","247.84K","1.56%"
"12/12/2022","105.26","106.00","106.00","105.00","688.41K","0.20%"
"12/09/2022","105.05","105.90","105.90","104.50","238.28K","0.05%"
"12/08/2022","105.00","107.00","107.00","105.00","341.01K","-1.50%"
"12/07/2022","106.60","106.82","108.50","106.47","1.85M","-0.19%"
"12/06/2022","106.80","108.90","108.90","106.21","258.72K","-1.09%"
"12/05/2022","107.98","109.47","109.47","107.50","204.50K","-0.94%"
"12/02/2022","109.00","109.80","110.74","107.00","358.29K","-0.56%"
"12/01/2022","109.61","109.55","111.05","109.50","271.58K","-0.13%"
"11/30/2022","109.75","110.50","111.05","109.09","434.52K","-0.68%"
"11/29/2022","110.50","110.58","111.45","110.21","495.84K","0.00%"
"11/28/2022","110.50","112.79","112.79","110.00","663.28K","-1.17%"
"11/25/2022","111.81","113.00","113.00","110.71","648.55K","0.38%"
"11/24/2022","111.39","112.79","112.80","111.11","865.56K","-0.59%"
"11/23/2022","112.05","112.00","112.50","111.13","686.28K","0.14%"
"11/22/2022","111.89","111.60","111.95","110.30","397.88K","0.48%"
"11/21/2022","111.35","111.18","111.50","110.56","125.80K","0.32%"
"11/18/2022","111.00","110.85","112.00","110.48","1.09M","-0.45%"
"11/17/2022","111.50","112.21","112.50","111.00","852.35K","-0.54%"
"11/16/2022","112.11","111.91","112.75","111.91","83.64K","-0.35%"
"11/15/2022","112.50","112.50","113.00","112.02","220.75K","-0.27%"
"11/14/2022","112.80","113.10","113.90","112.80","1.14M","-0.18%"
"11/11/2022","113.00","114.25","115.70","112.00","1.16M","-0.62%"
"11/10/2022","113.70","109.00","114.25","109.00","4.28M","5.28%"
"11/08/2022","108.00","105.79","108.00","104.56","2.43M","2.87%"
"11/07/2022","104.99","106.90","106.90","104.01","528.32K","-0.48%"
"11/04/2022","105.50","105.12","107.00","102.40","698.61K","-0.92%"
"11/03/2022","106.48","106.22","106.50","106.00","152.40K","0.45%"
"11/02/2022","106.00","106.45","107.00","105.12","552.11K","0.09%"
"11/01/2022","105.90","105.33","106.50","105.11","480.75K","-0.09%"
"10/31/2022","106.00","107.89","107.89","104.80","738.40K","-1.21%"
"10/28/2022","107.30","107.07","107.99","106.60","170.36K","-0.19%"
"10/27/2022","107.50","109.00","109.00","107.01","500.09K","-2.98%"
"10/26/2022","110.80","108.97","111.00","108.25","3.64M","1.65%"
"10/25/2022","109.00","109.08","109.85","108.50","304.00K","0.00%"
"10/24/2022","109.00","111.00","111.00","108.52","194.26K","-0.27%"
"10/21/2022","109.29","110.01","110.01","108.45","912.96K","-0.19%"
"10/20/2022","109.50","110.50","110.50","109.30","491.35K","-0.23%"
"10/19/2022","109.75","109.00","111.30","108.61","1.64M","0.86%"
"10/18/2022","108.81","109.49","109.49","108.20","585.21K","0.29%"
"10/17/2022","108.49","109.55","109.55","107.90","227.81K","-0.27%"
"10/14/2022","108.78","109.01","109.55","108.00","630.76K","-0.20%"
"10/13/2022","109.00","110.13","110.50","108.51","519.39K","-1.45%"
"10/12/2022","110.60","109.10","111.99","109.00","1.03M","1.00%"
"10/11/2022","109.50","108.51","110.40","108.41","1.28M","0.92%"
"10/10/2022","108.50","111.00","111.94","108.01","1.10M","-2.14%"
"10/07/2022","110.87","111.02","117.97","110.10","917.92K","-0.57%"
"10/06/2022","111.50","110.75","112.25","109.50","1.17M","1.50%"
"10/05/2022","109.85","110.01","110.89","109.26","545.54K","-0.41%"
"10/04/2022","110.30","109.48","111.50","109.00","697.03K","0.73%"
"10/03/2022","109.50","110.50","111.88","108.90","531.67K","-0.23%"
"09/30/2022","109.75","109.60","112.90","109.00","1.21M","-0.23%"
"09/29/2022","110.00","111.80","111.80","108.90","1.45M","-1.52%"
"09/28/2022","111.70","112.99","114.00","111.51","1.55M","-1.37%"
"09/27/2022","113.25","115.00","115.49","112.00","769.14K","-0.88%"
"09/26/2022","114.25","113.00","114.50","112.75","1.03M","1.36%"
"09/23/2022","112.72","115.02","116.75","112.00","1.31M","-2.42%"
"09/22/2022","115.51","117.80","118.00","114.75","1.73M","-1.36%"
"09/21/2022","117.10","116.57","117.98","116.40","404.94K","-0.26%"
"09/20/2022","117.40","118.97","118.97","115.55","278.18K","0.15%"
"09/19/2022","117.23","118.70","119.00","116.50","160.90K","-1.00%"
"09/16/2022","118.41","121.99","121.99","118.00","683.09K","-2.06%"
"09/15/2022","120.90","122.15","123.44","120.90","528.68K","-1.44%"
"09/14/2022","122.67","123.50","124.50","122.31","1.54M","-1.82%"
"09/13/2022","124.94","122.08","125.00","120.80","1.92M","2.82%"
"09/12/2022","121.51","121.39","122.50","121.39","683.41K","0.00%"
"09/09/2022","121.51","120.95","122.50","120.40","520.26K","1.26%"
"09/08/2022","120.00","121.50","121.99","119.60","320.04K","-0.46%"
"09/07/2022","120.55","119.00","121.00","119.00","414.37K","0.88%"
"09/06/2022","119.50","120.05","121.00","118.90","219.16K","-0.42%"
"09/05/2022","120.00","122.84","122.84","119.80","287.64K","-0.73%"
"09/02/2022","120.88","122.48","122.48","120.30","348.89K","-0.10%"
"09/01/2022","121.00","122.00","123.50","120.40","475.35K","-0.17%"
"08/31/2022","121.20","122.47","122.89","121.00","311.33K","-0.22%"
"08/30/2022","121.47","122.88","123.47","120.80","506.89K","0.67%"
"08/29/2022","120.66","121.00","125.70","120.00","2.14M","-1.07%"
"08/26/2022","121.97","125.40","128.00","121.35","2.84M","-1.45%"
"08/25/2022","123.77","126.00","126.70","123.75","831.30K","-1.18%"
"08/24/2022","125.25","125.50","128.00","125.10","4.24M","0.28%"
"08/23/2022","124.90","124.51","128.10","124.51","3.17M","0.73%"
"08/22/2022","123.99","125.97","126.25","123.45","1.66M","-1.24%"
"08/19/2022","125.55","124.55","126.27","123.73","2.61M","0.80%"
"08/18/2022","124.55","123.64","125.45","122.37","1.89M","0.81%"
"08/17/2022","123.55","121.59","123.64","120.91","1.39M","1.80%"
"08/16/2022","121.36","122.73","123.18","120.55","1.34M","-0.93%"
"08/15/2022","122.50","121.36","123.63","120.46","2.18M","2.67%"
"08/12/2022","119.32","117.08","120.00","116.50","2.82M","3.02%"
"08/11/2022","115.82","116.81","119.06","114.78","3.44M","0.00%"
"08/10/2022","115.82","114.55","116.82","114.41","600.74K","2.21%"
"08/05/2022","113.32","112.73","115.00","112.73","862.63K","-0.27%"
"08/04/2022","113.63","112.27","115.23","111.65","759.09K","1.67%"
"08/03/2022","111.76","109.09","111.82","107.91","436.10K","3.31%"
"08/02/2022","108.18","105.45","109.45","105.45","360.55K","0.07%"
"08/01/2022","108.11","105.55","109.08","105.55","442.79K","0.40%"
"07/29/2022","107.68","108.18","109.00","107.36","54.99K","-0.38%"
"07/28/2022","108.09","108.64","110.90","107.29","585.58K","-0.08%"
"07/27/2022","108.18","105.14","108.18","105.14","826.48K","1.19%"
"07/26/2022","106.91","106.99","107.70","105.00","2.04M","1.39%"
"07/25/2022","105.45","106.25","106.25","105.23","66.70K","-0.53%"
"07/22/2022","106.01","106.14","108.18","105.00","881.62K","0.53%"
"07/21/2022","105.45","106.31","106.37","105.00","297.80K","-0.45%"
"07/20/2022","105.94","107.26","108.09","105.91","301.81K","0.03%"
"07/19/2022","105.91","111.82","111.82","105.55","1.14M","-5.25%"
"07/18/2022","111.78","109.10","113.64","109.09","1.50M","-0.24%"
"07/15/2022","112.05","111.69","114.54","109.09","1.75M","0.82%"
"07/14/2022","111.14","109.32","112.26","108.45","694.06K","1.88%"
"07/13/2022","109.08","105.45","110.45","103.45","817.32K","4.34%"
"07/07/2022","104.55","104.73","104.91","104.09","562.59K","-0.17%"
"07/06/2022","104.73","105.41","105.41","104.45","727.02K","-0.26%"
"07/05/2022","105.00","104.57","105.45","103.68","86.01K","-0.43%"
"07/04/2022","105.45","103.65","106.05","103.64","713.55K","0.96%"
"07/01/2022","104.45","103.54","104.86","102.91","648.56K","2.13%"
"06/30/2022","102.27","101.81","104.64","101.64","905.36K","1.34%"
"06/29/2022","100.92","103.59","103.59","99.10","2.09M","-1.59%"
"06/28/2022","102.55","106.29","106.29","101.83","876.57K","-1.57%"
"06/27/2022","104.18","104.55","105.27","102.73","1.39M","-0.35%"
"06/24/2022","104.55","106.91","107.00","100.91","2.11M","-2.54%"
"06/23/2022","107.27","107.08","108.55","106.00","1.06M","0.85%"
"06/22/2022","106.36","107.50","109.82","105.69","777.47K","-1.18%"
"06/21/2022","107.64","107.27","107.73","104.64","2.32M","1.59%"
"06/20/2022","105.95","107.72","108.91","105.91","1.69M","-1.14%"
"06/17/2022","107.18","108.06","108.91","106.50","1.76M","0.75%"
"06/16/2022","106.38","107.01","107.27","105.91","641.57K","-0.62%"
"06/15/2022","107.05","106.31","108.16","106.28","322.57K","1.06%"
"06/14/2022","105.92","107.27","107.92","105.82","405.87K","-2.03%"
"06/13/2022","108.12","111.91","111.91","105.59","1.38M","-4.86%"
"06/10/2022","113.64","114.54","114.65","113.18","247.66K","-0.32%"
"06/09/2022","114.00","115.19","115.45","113.29","289.20K","-1.26%"
"06/08/2022","115.45","115.54","117.26","113.95","265.65K","-0.74%"
"06/07/2022","116.32","116.73","116.73","115.95","266.14K","-0.27%"
"06/06/2022","116.64","117.98","117.98","115.91","374.22K","-0.16%"
"06/03/2022","116.82","118.07","118.09","116.45","501.62K","-1.15%"
"06/02/2022","118.18","119.55","120.45","117.73","2.31M","-0.77%"
"06/01/2022","119.10","119.52","119.77","118.32","252.94K","-0.18%"
"05/31/2022","119.32","118.91","119.41","118.18","589.90K","0.57%"
"05/30/2022","118.64","118.20","119.32","117.85","1.53M","0.67%"
"05/27/2022","117.85","118.65","121.75","117.73","5.22M","-0.32%"
"05/26/2022","118.23","116.82","118.64","116.82","410.97K","1.21%"
"05/25/2022","116.82","115.45","117.73","115.23","484.86K","0.40%"
"05/24/2022","116.35","117.73","118.18","116.14","819.96K","-0.80%"
"05/23/2022","117.29","118.09","118.09","116.68","372.08K","-0.63%"
"05/20/2022","118.04","118.40","119.05","117.27","410.53K","-0.12%"
"05/19/2022","118.17","118.18","118.91","117.73","269.83K","0.01%"
"05/18/2022","118.16","116.36","118.64","115.56","422.28K","1.15%"
"05/17/2022","116.82","118.64","118.64","116.64","320.29K","-0.39%"
"05/16/2022","117.27","121.82","121.82","116.36","567.21K","-3.71%"
"05/13/2022","121.79","119.18","121.82","118.18","277.35K","2.23%"
"05/12/2022","119.14","119.09","119.54","116.18","587.42K","0.38%"
"05/11/2022","118.68","120.32","120.32","116.64","703.59K","-0.34%"
"05/10/2022","119.09","119.91","120.91","117.45","305.73K","0.61%"
"05/09/2022","118.37","124.76","124.76","118.09","3.64M","-4.64%"
"05/06/2022","124.14","127.41","127.41","123.99","5.83M","-2.46%"
"04/28/2022","127.27","126.36","129.77","124.84","644.52K","-0.50%"
"04/27/2022","127.91","128.77","128.77","127.36","656.05K","0.25%"
"04/26/2022","127.59","130.45","131.36","127.32","2.61M","0.24%"
"04/25/2022","127.28","130.91","132.86","127.27","1.57M","-1.40%"
"04/22/2022","129.09","129.09","129.09","125.45","405.92K","0.70%"
"04/21/2022","128.19","128.82","130.00","128.18","259.46K","0.33%"
"04/20/2022","127.77","132.27","132.27","127.77","2.79M","-2.94%"
"04/19/2022","131.65","133.18","133.18","128.18","2.86M","-1.27%"
"04/18/2022","133.35","133.45","133.77","130.59","1.92M","0.40%"
"04/15/2022","132.82","131.81","134.00","130.23","587.64K","1.74%"
"04/14/2022","130.55","131.00","131.82","130.00","299.04K","-0.97%"
"04/13/2022","131.82","131.36","132.72","130.09","2.01M","0.00%"
"04/12/2022","131.82","129.55","132.68","127.73","7.03M","1.70%"
"04/11/2022","129.61","124.55","130.00","124.55","4.38M","6.44%"
"04/08/2022","121.77","118.18","123.55","118.18","898.38K","5.68%"
"04/07/2022","115.23","117.27","118.18","114.77","1.36M","-1.82%"
"04/06/2022","117.36","117.68","117.68","116.91","102.07K","-0.15%"
"04/05/2022","117.54","114.18","117.54","114.18","174.40K","1.01%"
"04/04/2022","116.36","117.33","118.63","113.18","979.71K","-3.43%"
"04/01/2022","120.49","119.39","122.77","113.68","4.52M","1.21%"
"03/31/2022","119.05","118.18","119.18","117.95","1.07M","0.74%"
"03/30/2022","118.18","119.55","119.55","116.55","320.43K","-0.88%"
"03/29/2022","119.23","119.86","122.18","118.18","609.56K","1.27%"
"03/28/2022","117.73","115.55","118.64","115.55","146.51K","0.40%"
"03/25/2022","117.25","115.91","117.55","114.82","439.32K","1.20%"
"03/24/2022","115.86","115.45","116.25","111.95","2.24M","0.75%"
"03/22/2022","115.00","115.23","116.36","114.55","2.69M","-1.33%"
"03/21/2022","116.55","117.73","117.73","116.36","1.26M","-0.54%"
"03/18/2022","117.17","118.27","118.27","116.59","1.72M","-2.07%"
"03/17/2022","119.65","120.00","121.35","119.36","351.27K","0.27%"
"03/16/2022","119.32","119.09","120.91","118.18","827.58K","0.95%"
"03/15/2022","118.19","119.09","119.09","116.82","1.14M","0.08%"
"03/14/2022","118.09","118.21","119.09","117.64","53.94K","-0.92%"
"03/11/2022","119.18","121.91","123.86","117.05","903.10K","-0.40%"
"03/10/2022","119.65","118.82","127.26","118.14","1.96M","0.77%"
"03/09/2022","118.74","119.09","121.71","117.18","540.95K","-1.80%"
"03/08/2022","120.91","121.64","121.64","116.37","254.25K","0.30%"
"03/07/2022","120.55","122.83","123.45","120.45","505.09K","-2.49%"
"03/04/2022","123.63","123.19","124.55","123.18","392.58K","-0.01%"
"03/03/2022","123.65","125.82","125.82","123.41","100.16K","-1.05%"
"03/02/2022","124.95","124.55","125.86","124.41","561.31K","-0.69%"
"03/01/2022","125.82","125.92","130.90","124.82","427.49K","-0.72%"
"02/28/2022","126.73","123.18","128.18","120.91","1.18M","4.03%"
"02/25/2022","121.82","120.11","122.71","120.00","509.59K","1.60%"
"02/24/2022","119.90","123.43","123.43","118.18","745.85K","-2.66%"
"02/23/2022","123.18","124.55","125.91","121.91","510.12K","-1.88%"
"02/22/2022","125.55","122.95","127.05","122.95","800.80K","1.02%"
"02/21/2022","124.27","126.36","128.00","123.65","903.04K","-2.00%"
"02/18/2022","126.81","126.82","126.91","126.36","201.59K","-0.01%"
"02/17/2022","126.82","128.18","128.18","126.36","334.34K","-0.36%"
"02/16/2022","127.27","127.27","131.82","126.73","422.63K","0.86%"
"02/15/2022","126.19","127.19","127.19","126.14","1.34M","-0.85%"
"02/14/2022","127.27","127.89","131.82","126.91","443.82K","-2.10%"
"02/11/2022","130.00","126.27","134.61","124.65","494.87K","4.34%"
"02/10/2022","124.59","127.06","127.06","124.55","1.20M","-0.89%"
"02/09/2022","125.71","124.07","126.45","123.50","393.50K","1.76%"
"02/08/2022","123.54","124.55","124.90","122.73","264.97K","-0.08%"
"02/07/2022","123.64","124.56","124.99","123.63","127.21K","-0.66%"
"02/04/2022","124.45","126.09","126.09","124.45","238.89K","-0.36%"
"02/03/2022","124.91","125.68","126.42","124.91","489.89K","-0.29%"
"02/02/2022","125.27","125.81","126.16","124.77","805.00K","0.36%"
"02/01/2022","124.83","125.31","125.31","124.55","766.26K","0.23%"
"01/31/2022","124.54","126.36","126.36","124.00","886.72K","-0.59%"
"01/28/2022","125.27","124.65","129.43","124.65","460.70K","-0.86%"
"01/27/2022","126.36","126.66","126.82","125.27","992.20K","0.72%"
"01/26/2022","125.45","125.45","126.27","124.64","259.45K","0.58%"
"01/25/2022","124.73","124.55","126.81","124.27","792.39K","-0.43%"
"01/24/2022","125.26","124.56","125.45","123.93","417.45K","0.56%"
"01/21/2022","124.56","126.10","126.35","124.18","541.11K","-0.35%"
"01/20/2022","125.00","125.45","126.36","123.65","812.51K","0.00%"
"01/19/2022","125.00","127.25","127.27","124.55","871.13K","-1.67%"
"01/18/2022","127.13","126.95","127.18","125.73","872.66K","0.63%"
"01/17/2022","126.34","126.31","127.27","125.50","592.76K","-0.07%"
"01/14/2022","126.43","126.09","127.23","125.55","593.92K","0.41%"
"01/13/2022","125.91","126.35","126.82","125.01","285.74K","0.00%"
"01/12/2022","125.91","125.45","126.81","125.00","531.94K","0.44%"
"01/11/2022","125.36","125.01","126.36","124.55","418.41K","-0.35%"
"01/10/2022","125.81","123.64","126.36","123.23","608.77K","1.57%"
"01/07/2022","123.86","124.52","124.52","122.48","1.29M","0.48%"
"01/06/2022","123.27","123.23","124.76","122.36","1.04M","-0.07%"
"01/05/2022","123.36","121.91","123.36","121.82","800.48K","0.93%"
"01/04/2022","122.23","122.68","122.90","121.59","558.43K","-0.19%"
"01/03/2022","122.45","122.70","122.73","121.22","475.05K","0.44%"
"12/31/2021","121.92","124.27","127.18","121.37","1.42M","-1.82%"
"12/30/2021","124.18","122.28","125.00","122.73","1.69M","1.04%"
"12/29/2021","122.91","123.55","123.55","122.27","154.05K","0.16%"
"12/28/2021","122.72","122.73","123.64","121.91","116.46K","-0.01%"
"12/27/2021","122.73","122.65","124.05","121.82","1.39M","0.21%"
"12/24/2021","122.47","124.54","124.54","121.82","360.12K","-0.98%"
"12/23/2021","123.69","125.26","125.26","123.64","309.36K","-0.76%"
"12/22/2021","124.64","123.91","125.18","121.36","1.15M","0.81%"
"12/21/2021","123.64","126.82","126.82","123.64","827.75K","-1.81%"
"12/20/2021","125.91","126.36","129.09","125.82","878.25K","-0.36%"
"12/17/2021","126.36","127.95","127.95","125.01","988.54K","-1.07%"
"12/16/2021","127.73","128.19","132.05","126.14","1.69M","-0.88%"
"12/15/2021","128.86","127.27","129.50","125.01","787.86K","1.60%"
"12/14/2021","126.84","127.27","127.55","126.14","911.42K","-0.34%"
"12/13/2021","127.27","129.55","129.91","126.82","292.79K","-1.34%"
"12/10/2021","129.00","127.28","130.45","126.36","327.85K","1.00%"
"12/09/2021","127.73","130.36","130.91","126.77","1.01M","-2.02%"
"12/08/2021","130.36","131.83","132.73","130.00","145.92K","-1.38%"
"12/07/2021","132.18","132.73","134.09","131.37","249.72K","-0.07%"
"12/06/2021","132.27","134.09","135.45","131.82","206.64K","-0.68%"
"12/03/2021","133.18","128.18","135.35","126.36","1.36M","4.64%"
"12/02/2021","127.27","135.45","135.45","126.82","1.70M","-6.07%"
"12/01/2021","135.50","135.00","136.36","134.09","508.01K","0.03%"
"11/30/2021","135.45","137.27","137.27","134.55","1.63M","-1.00%"
"11/29/2021","136.82","134.55","144.45","133.73","1.01M","1.31%"
"11/26/2021","135.05","134.32","135.45","133.64","1.02M","0.37%"
"11/25/2021","134.55","133.64","135.41","133.18","319.64K","0.07%"
"11/24/2021","134.45","135.45","135.45","131.83","624.61K","-0.40%"
"11/23/2021","135.00","140.91","140.91","135.00","757.93K","-3.51%"
"11/22/2021","139.91","140.80","142.73","138.64","1.19M","2.94%"
"11/19/2021","135.91","132.86","138.55","132.86","2.39M","1.01%"
"11/18/2021","134.55","130.91","135.45","129.41","2.61M","2.96%"
"11/17/2021","130.68","128.77","131.73","128.77","1.02M","1.96%"
"11/16/2021","128.16","127.26","128.18","126.15","921.08K","1.44%"
"11/15/2021","126.35","126.39","127.27","125.47","138.82K","-0.66%"
"11/12/2021","127.18","128.64","129.05","126.59","487.24K","-0.67%"
"11/11/2021","128.05","128.28","129.98","128.05","515.53K","-0.28%"
"11/10/2021","128.41","128.36","129.09","127.32","370.61K","-0.18%"
"11/09/2021","128.64","128.19","130.00","127.73","1.32M","-0.70%"
"11/08/2021","129.55","128.55","130.27","127.73","1.88M","0.35%"
"11/05/2021","129.09","127.55","130.18","127.27","2.73M","0.73%"
"11/04/2021","128.15","127.18","128.17","125.95","926.05K","1.05%"
"11/03/2021","126.83","126.82","127.68","124.87","4.68M","1.09%"
"11/02/2021","125.45","123.18","127.18","123.18","334.55K","1.21%"
"11/01/2021","123.95","121.84","125.91","121.84","519.15K","2.52%"
"10/29/2021","120.91","125.32","125.32","119.59","319.62K","-2.21%"
"10/28/2021","123.64","125.86","125.86","122.82","134.66K","-0.72%"
"10/27/2021","124.54","125.91","127.27","123.64","217.64K","0.73%"
"10/26/2021","123.64","121.73","124.55","120.55","218.63K","2.26%"
"10/25/2021","120.91","124.55","125.44","120.05","721.43K","-3.20%"
"10/22/2021","124.91","125.55","126.36","123.64","1.34M","-0.82%"
"10/21/2021","125.94","125.91","128.95","125.78","3.85M","-1.05%"
"10/20/2021","127.27","126.36","127.27","125.45","1.31M","1.46%"
"10/18/2021","125.44","125.55","127.09","124.55","614.47K","-0.74%"
"10/15/2021","126.37","126.36","126.82","125.51","789.93K","0.51%"
"10/14/2021","125.73","125.02","127.27","125.02","841.35K","0.58%"
"10/13/2021","125.00","127.70","134.36","124.77","3.36M","-1.96%"
"10/12/2021","127.50","128.05","128.18","126.36","4.52M","0.39%"
"10/11/2021","127.01","127.14","128.05","126.09","1.99M","-0.03%"
"10/08/2021","127.05","126.36","127.27","126.09","423.93K","0.50%"
"10/07/2021","126.41","127.08","127.49","125.45","440.21K","-0.04%"
"10/06/2021","126.46","127.26","127.27","125.51","449.14K","-0.29%"
"10/05/2021","126.83","127.27","129.06","124.32","1.82M","-0.35%"
"10/04/2021","127.27","125.55","127.27","122.73","706.40K","0.88%"
"10/01/2021","126.16","127.26","127.27","125.91","828.38K","-0.87%"
"09/30/2021","127.27","118.19","129.03","116.36","9.67M","8.55%"
"09/29/2021","117.25","122.62","126.36","116.55","1.59M","-3.21%"
"09/28/2021","121.14","119.15","122.73","118.18","1.11M","1.14%"
"09/27/2021","119.77","121.82","123.64","115.18","4.54M","-1.05%"
"09/24/2021","121.05","121.91","123.42","119.55","349.60K","-0.56%"
"09/23/2021","121.73","124.09","125.45","119.18","384.02K","-0.81%"
"09/22/2021","122.73","120.00","124.04","116.36","682.49K","3.05%"
"09/21/2021","119.09","123.27","128.18","113.64","2.72M","-3.32%"
"09/20/2021","123.18","123.23","125.45","121.82","330.83K","0.37%"
"09/17/2021","122.73","127.27","127.73","122.27","1.73M","-3.56%"
"09/16/2021","127.25","128.17","128.64","126.45","1.46M","-0.27%"
"09/15/2021","127.60","129.55","130.64","127.05","2.13M","-1.49%"
"09/14/2021","129.54","132.73","132.73","127.36","3.12M","-0.01%"
"09/13/2021","129.55","134.55","140.22","129.09","3.35M","-2.85%"
"09/10/2021","133.35","125.45","133.35","125.35","2.62M","7.50%"
"09/09/2021","124.05","122.64","127.27","121.05","872.21K","1.97%"
"09/08/2021","121.66","126.07","127.27","120.17","1.94M","-2.90%"
"09/07/2021","125.30","123.31","126.48","123.23","872.02K","1.60%"
"09/06/2021","123.32","121.84","123.72","121.30","384.23K","2.26%"
"09/03/2021","120.59","120.87","121.74","119.01","581.69K","-0.29%"
"09/02/2021","120.95","121.73","121.93","117.79","587.90K","0.00%"
"09/01/2021","120.95","123.11","124.90","120.16","1.04M","-0.97%"
"08/31/2021","122.13","123.60","124.89","121.74","223.98K","-0.96%"
"08/30/2021","123.32","125.69","126.48","123.08","916.89K","-3.81%"
"08/27/2021","128.21","122.92","130.43","122.33","7.88M","4.93%"
"08/26/2021","122.18","124.51","130.36","121.74","325.42K","-1.14%"
"08/25/2021","123.60","124.90","124.90","123.32","1.37M","-0.13%"
"08/24/2021","123.76","127.59","127.59","123.16","877.09K","-2.15%"
"08/23/2021","126.48","119.28","126.96","118.97","3.09M","7.09%"
"08/20/2021","118.11","113.83","119.37","112.17","1.78M","5.29%"
"08/17/2021","112.17","112.17","112.25","111.12","675.97K","0.71%"
"08/16/2021","111.38","110.36","112.25","109.88","369.56K","0.17%"
"08/13/2021","111.19","113.83","113.83","110.28","661.71K","0.84%"
"08/12/2021","110.27","107.39","112.25","105.93","1.96M","3.34%"
"08/11/2021","106.70","107.89","107.89","105.93","336.88K","-0.01%"
"08/10/2021","106.72","107.11","107.50","105.94","329.01K","0.00%"
"08/09/2021","106.72","106.79","107.91","105.14","278.73K","0.01%"
"08/06/2021","106.71","105.14","109.87","105.14","457.21K","1.88%"
"08/05/2021","104.74","105.04","105.06","104.19","1.05M","0.76%"
"08/04/2021","103.95","102.85","104.70","102.85","587.22K","1.55%"
"08/03/2021","102.36","101.19","102.77","101.11","1.23M","1.35%"
"08/02/2021","101.00","98.81","101.00","97.23","1.17M","2.22%"
"07/30/2021","98.81","98.68","100.40","96.56","786.18K","1.49%"
"07/29/2021","97.36","97.23","98.02","96.52","405.30K","0.13%"
"07/28/2021","97.23","95.27","98.34","95.26","560.46K","1.28%"
"07/27/2021","96.01","96.44","97.11","95.97","204.46K","-0.04%"
"07/26/2021","96.05","98.70","99.21","95.77","629.26K","-2.72%"
"07/23/2021","98.74","98.02","98.81","97.87","458.54K","0.00%"
"07/19/2021","98.74","97.30","99.19","96.84","616.09K","1.88%"
"07/16/2021","96.92","97.15","97.63","96.44","274.89K","-0.24%"
"07/15/2021","97.15","96.99","97.23","94.99","198.80K","0.74%"
"07/14/2021","96.44","96.60","96.83","95.65","695.54K","0.00%"
"07/13/2021","96.44","95.06","96.44","94.86","1.09M","1.56%"
"07/12/2021","94.96","95.22","96.13","94.46","360.09K","-0.71%"
"07/09/2021","95.64","96.44","96.80","94.82","1.44M","-0.43%"
"07/08/2021","96.06","94.46","96.44","93.60","1.85M","2.32%"
"07/07/2021","93.87","93.67","94.78","93.28","611.02K","0.21%"
"07/06/2021","93.68","93.08","93.68","92.42","459.98K","1.67%"
"07/05/2021","92.13","91.70","92.89","90.14","676.02K","0.69%"
"07/02/2021","91.50","91.46","92.49","91.11","484.39K","-0.19%"
"07/01/2021","91.68","91.23","91.70","90.70","184.04K","0.77%"
"06/30/2021","90.97","89.98","91.30","89.98","445.04K","1.57%"
"06/29/2021","89.57","89.33","90.12","89.23","580.28K","1.18%"
"06/28/2021","88.52","90.12","90.12","88.06","796.71K","-1.56%"
"06/25/2021","89.92","89.85","90.51","89.33","199.57K","-0.61%"
"06/24/2021","90.47","90.12","90.47","89.72","407.60K","0.85%"
"06/23/2021","89.71","90.74","90.74","89.33","802.96K","-0.42%"
"06/22/2021","90.09","89.53","90.12","89.33","320.29K","0.32%"
"06/21/2021","89.80","89.34","90.12","89.31","299.08K","0.53%"
"06/18/2021","89.33","89.88","89.88","89.29","120.90K","-0.34%"
"06/17/2021","89.63","89.80","89.80","88.94","83.53K","-0.04%"
"06/16/2021","89.67","90.12","90.12","88.58","408.67K","-0.47%"
"06/15/2021","90.09","89.72","90.43","89.17","1.04M","0.71%"
"06/14/2021","89.46","89.49","90.43","89.33","1.14M","-0.11%"
"06/11/2021","89.57","89.11","89.98","88.74","156.16K","0.51%"
"06/10/2021","89.11","88.54","89.13","88.14","480.65K","0.65%"
"06/09/2021","88.53","89.33","89.72","88.46","149.64K","-0.81%"
"06/08/2021","89.25","88.93","90.02","88.93","400.89K","-0.09%"
"06/07/2021","89.33","90.12","90.12","88.54","749.81K","-0.46%"
"06/04/2021","89.74","90.14","91.30","89.33","644.93K","-1.33%"
"06/03/2021","90.95","89.33","92.49","87.83","635.53K","2.72%"
"06/02/2021","88.54","90.04","90.04","88.54","674.50K","-0.88%"
"06/01/2021","89.32","91.30","91.70","88.54","1.00M","-0.90%"
"05/31/2021","90.13","86.97","90.81","86.97","1.71M","1.80%"
"05/28/2021","88.54","89.31","89.31","88.14","1.07M","0.00%"
"05/27/2021","88.54","89.30","92.33","88.14","1.54M","0.21%"
"05/26/2021","88.35","87.14","88.73","87.14","1.34M","1.09%"
"05/25/2021","87.39","87.22","87.75","86.17","871.61K","1.42%"
"05/24/2021","86.17","87.66","87.74","85.77","930.90K","-0.82%"
"05/21/2021","86.88","85.38","86.96","85.15","452.72K","1.76%"
"05/20/2021","85.38","85.77","86.56","85.38","1.49M","-0.46%"
"05/19/2021","85.77","85.39","86.84","85.37","374.11K","-0.46%"
"05/18/2021","86.17","86.47","86.96","85.22","898.08K","0.51%"
"05/17/2021","85.73","87.74","87.74","85.30","4.26M","-0.05%"
"05/06/2021","85.77","86.05","86.55","84.70","348.84K","0.47%"
"05/05/2021","85.37","85.34","85.38","83.41","338.13K","0.93%"
"05/04/2021","84.58","84.82","85.37","84.51","921.73K","0.00%"
"05/03/2021","84.58","86.13","86.13","84.58","118.83K","-0.93%"
"04/30/2021","85.38","86.64","87.34","85.38","39.48K","-1.80%"
"04/29/2021","86.94","88.13","88.13","85.42","63.98K","-0.70%"
"04/28/2021","87.55","88.54","88.54","86.96","116.92K","-0.14%"
"04/27/2021","87.67","87.72","88.92","86.96","1.71M","1.27%"
"04/26/2021","86.57","84.98","87.34","83.25","1.54M","2.06%"
"04/23/2021","84.82","85.47","85.77","84.82","414.59K","-1.11%"
"04/22/2021","85.77","86.23","86.23","85.46","261.32K","-0.46%"
"04/21/2021","86.17","86.96","86.96","85.38","3.12M","0.27%"
"04/20/2021","85.94","86.88","86.88","85.78","681.69K","0.10%"
"04/19/2021","85.85","85.47","86.31","84.98","521.97K","-0.38%"
"04/16/2021","86.17","86.21","86.56","85.87","415.19K","0.01%"
"04/15/2021","86.17","86.96","86.96","86.17","446.00K","-0.46%"
"04/14/2021","86.56","87.11","87.26","86.17","4.20M","0.64%"
"04/13/2021","86.01","85.78","86.96","85.66","1.46M","0.28%"
"04/12/2021","85.77","86.17","86.96","85.46","376.31K","-0.46%"
"04/09/2021","86.17","86.17","86.56","85.77","506.67K","-0.02%"
"04/08/2021","86.18","86.56","86.96","85.38","263.58K","0.16%"
"04/07/2021","86.05","87.75","87.71","86.05","564.87K","-1.44%"
"04/06/2021","87.30","86.91","87.35","86.17","250.13K","1.32%"
"04/05/2021","86.17","87.75","87.98","85.61","232.78K","-1.89%"
"04/02/2021","87.83","88.93","88.93","86.96","71.87K","0.23%"
"04/01/2021","87.63","89.47","90.04","87.35","179.55K","-2.68%"
"03/31/2021","90.04","88.92","90.43","88.92","227.33K","1.02%"
"03/30/2021","89.13","86.17","89.31","86.17","339.51K","1.58%"
"03/29/2021","87.75","89.33","89.71","86.25","273.92K","-2.55%"
"03/26/2021","90.04","88.53","90.04","85.38","382.52K","4.32%"
"03/25/2021","86.31","90.10","90.32","83.10","928.45K","-3.81%"
"03/24/2021","89.72","90.43","90.43","89.17","475.31K","-0.44%"
"03/22/2021","90.12","88.54","90.42","88.14","798.88K","1.33%"
"03/19/2021","88.93","89.33","89.92","88.14","306.14K","-0.78%"
"03/18/2021","89.64","89.54","90.91","88.74","236.50K","-1.40%"
"03/17/2021","90.91","90.83","91.30","89.86","1.84M","0.01%"
"03/16/2021","90.90","90.06","90.91","88.93","1.63M","1.94%"
"03/15/2021","89.17","88.54","90.71","88.44","2.91M","1.62%"
"03/12/2021","87.75","87.82","87.98","86.96","437.28K","1.46%"
"03/11/2021","86.48","87.87","87.87","84.98","776.56K","-1.54%"
"03/10/2021","87.83","86.96","88.89","86.21","1.27M","1.02%"
"03/09/2021","86.95","86.40","88.26","86.40","1.75M","-0.87%"
"03/08/2021","87.71","87.15","88.50","87.15","1.78M","0.41%"
"03/05/2021","87.35","86.40","88.54","86.40","1.25M","0.00%"
"03/04/2021","87.35","86.48","88.54","83.79","1.33M","-1.50%"
"03/03/2021","88.68","88.28","88.70","86.96","4.47M","1.15%"
"03/02/2021","87.67","85.77","87.94","85.00","985.06K","1.29%"
"03/01/2021","86.55","82.27","86.84","82.27","508.08K","0.82%"
"02/26/2021","85.85","84.98","86.09","84.23","2.03M","1.50%"
"02/25/2021","84.58","83.79","86.09","83.33","3.35M","1.90%"
"02/24/2021","83.00","80.95","84.58","80.63","2.29M","2.74%"
"02/23/2021","80.79","81.82","82.18","80.55","1.30M","-2.20%"
"02/22/2021","82.61","83.00","83.40","80.99","1.77M","-0.95%"
"02/19/2021","83.40","81.42","83.79","80.63","2.76M","0.05%"
"02/18/2021","83.36","86.09","87.07","81.42","2.48M","-3.08%"
"02/17/2021","86.01","86.58","87.69","85.93","1.36M","-1.10%"
"02/16/2021","86.96","87.67","87.67","86.21","592.44K","-0.71%"
"02/15/2021","87.59","86.96","87.67","86.17","891.97K","0.92%"
"02/12/2021","86.79","86.96","88.09","86.28","445.84K","-0.20%"
"02/11/2021","86.96","87.79","88.50","86.48","2.06M","-1.34%"
"02/10/2021","88.14","89.09","89.09","87.35","926.89K","-0.63%"
"02/09/2021","88.70","87.70","89.33","87.64","1.50M","1.20%"
"02/08/2021","87.65","88.34","90.12","86.76","1.79M","-0.11%"
"02/04/2021","87.75","87.25","88.51","87.23","885.56K","0.00%"
"02/03/2021","87.75","87.75","88.74","87.35","1.45M","0.45%"
"02/02/2021","87.35","88.15","88.18","87.11","323.32K","-0.91%"
"02/01/2021","88.15","89.24","89.32","88.14","303.14K","-0.48%"
"01/29/2021","88.58","87.75","88.93","87.15","5.37M","1.18%"
"01/28/2021","87.54","87.98","88.54","87.27","761.57K","-0.85%"
"01/27/2021","88.29","87.19","88.30","87.19","798.43K","1.08%"
"01/26/2021","87.35","87.75","88.26","87.08","960.51K","-0.67%"
"01/25/2021","87.94","88.59","89.72","87.11","1.62M","-1.16%"
"01/22/2021","88.98","90.12","90.12","88.54","492.97K","-1.24%"
"01/21/2021","90.09","88.14","90.12","88.14","768.69K","1.82%"
"01/20/2021","88.48","89.33","89.33","87.55","1.15M","-0.86%"
"01/19/2021","89.25","89.15","89.55","87.75","916.42K","1.16%"
"01/18/2021","88.22","88.85","89.24","87.75","360.99K","-0.80%"
"01/15/2021","88.93","89.33","89.41","88.46","635.21K","-0.22%"
"01/14/2021","89.13","90.12","90.12","88.85","1.91M","-0.22%"
"01/13/2021","89.33","91.11","91.11","89.17","1.24M","-0.88%"
"01/12/2021","90.12","89.33","90.71","89.32","1.08M","1.19%"
"01/11/2021","89.06","91.84","93.15","88.55","2.45M","-2.20%"
"01/08/2021","91.07","91.38","92.07","90.75","1.68M","-0.42%"
"01/07/2021","91.45","92.49","94.86","90.28","5.19M","0.50%"
"01/06/2021","91.00","85.38","91.00","85.30","4.40M","6.58%"
"01/05/2021","85.38","83.40","85.38","82.65","1.19M","2.05%"
"01/04/2021","83.67","83.70","84.55","82.45","1.40M","0.80%"
"01/01/2021","83.00","83.00","84.98","81.42","2.37M","0.01%"
"12/31/2020","83.00","83.95","84.58","82.17","1.72M","-1.47%"
"12/30/2020","84.24","84.51","84.97","83.81","727.47K","0.15%"
"12/29/2020","84.11","83.79","84.94","83.40","1.77M","1.11%"
"12/28/2020","83.19","79.84","83.19","79.84","1.31M","5.23%"
"12/24/2020","79.05","81.82","82.21","79.05","1.92M","-2.44%"
"12/23/2020","81.03","81.20","83.38","81.03","861.76K","-1.10%"
"12/22/2020","81.93","83.00","84.55","81.82","783.46K","-1.76%"
"12/21/2020","83.40","84.19","85.77","83.40","1.29M","-0.94%"
"12/18/2020","84.19","82.81","84.55","82.81","555.59K","0.85%"
"12/17/2020","83.48","82.81","84.27","82.22","769.63K","1.54%"
"12/16/2020","82.21","81.11","84.58","81.11","1.56M","1.22%"
"12/15/2020","81.23","78.74","83.00","78.39","1.49M","3.83%"
"12/14/2020","78.23","77.67","78.27","77.32","607.13K","1.00%"
"12/11/2020","77.45","78.25","78.25","77.08","340.63K","0.47%"
"12/10/2020","77.09","77.27","78.26","77.09","2.29M","-0.04%"
"12/09/2020","77.12","78.06","78.06","76.28","1.38M","-0.45%"
"12/08/2020","77.47","77.47","80.63","76.84","314.25K","-0.91%"
"12/07/2020","78.18","77.16","78.18","76.28","218.23K","1.07%"
"12/04/2020","77.35","77.47","77.87","77.08","439.51K","1.93%"
"12/03/2020","75.89","77.47","78.28","75.89","471.85K","-1.49%"
"12/02/2020","77.04","77.47","78.89","76.80","669.54K","-0.05%"
"12/01/2020","77.08","74.17","78.66","74.17","1.34M","2.85%"
"11/30/2020","74.94","74.18","74.94","72.73","247.99K","1.12%"
"11/27/2020","74.11","74.31","74.55","73.90","176.41K","-0.27%"
"11/26/2020","74.31","72.65","74.85","71.23","1.03M","3.81%"
"11/25/2020","71.58","70.36","72.73","70.36","312.56K","1.73%"
"11/24/2020","70.36","71.14","71.15","70.28","328.50K","0.01%"
"11/23/2020","70.36","71.30","71.30","70.28","350.04K","-2.20%"
"11/20/2020","71.94","72.73","72.73","71.54","1.43M","-0.60%"
"11/19/2020","72.37","72.02","72.41","71.94","157.52K","0.27%"
"11/18/2020","72.17","71.61","72.39","70.77","701.93K","0.94%"
"11/17/2020","71.50","71.90","72.09","71.00","1.55M","0.63%"
"11/16/2020","71.05","71.04","71.49","70.37","331.86K","0.99%"
"11/13/2020","70.36","70.36","71.07","70.16","371.32K","-0.67%"
"11/12/2020","70.83","71.30","71.30","70.16","1.20M","-0.47%"
"11/11/2020","71.16","72.13","72.27","70.91","677.02K","-1.08%"
"11/10/2020","71.94","72.96","73.36","71.15","946.63K","1.05%"
"11/09/2020","71.19","71.94","72.13","70.77","1.11M","-5.16%"
"11/06/2020","75.06","73.52","75.49","73.44","5.31M","2.92%"
"11/05/2020","72.93","71.72","73.99","71.46","1.82M","1.38%"
"11/04/2020","71.94","72.21","72.96","71.15","744.99K","0.11%"
"11/03/2020","71.86","69.96","72.33","69.18","1.42M","4.48%"
"11/02/2020","68.77","68.38","69.25","67.31","3.72M","0.52%"
"10/29/2020","68.42","70.67","70.67","67.19","2.25M","-2.88%"
"10/28/2020","70.45","71.14","71.16","70.28","792.43K","-0.20%"
"10/27/2020","70.59","72.18","72.73","70.36","1.57M","-2.08%"
"10/26/2020","72.09","71.98","74.15","71.54","2.30M","0.16%"
"10/23/2020","71.98","72.32","72.32","71.15","702.07K","0.18%"
"10/22/2020","71.85","73.13","74.70","71.15","7.67M","-2.77%"
"10/21/2020","73.90","72.92","74.70","71.45","5.20M","1.61%"
"10/20/2020","72.73","68.38","72.87","68.18","3.92M","7.16%"
"10/19/2020","67.87","66.25","68.93","65.69","1.25M","2.08%"
"10/16/2020","66.48","63.91","66.60","62.73","2.08M","5.10%"
"10/15/2020","63.26","63.55","64.43","62.70","1.53M","0.97%"
"10/14/2020","62.65","62.85","63.23","61.67","1.02M","0.06%"
"10/13/2020","62.61","64.02","64.66","62.49","914.15K","-1.31%"
"10/12/2020","63.44","64.51","65.22","63.32","1.19M","-2.13%"
"10/09/2020","64.82","63.64","65.06","62.92","727.47K","2.95%"
"10/08/2020","62.96","61.82","64.02","61.82","828.31K","1.85%"
"10/07/2020","61.82","62.06","62.44","61.67","871.15K","0.26%"
"10/06/2020","61.66","62.09","62.25","60.96","1.02M","0.00%"
"10/05/2020","61.66","62.37","63.08","60.28","1.30M","-1.28%"
"10/02/2020","62.46","63.24","64.31","62.45","1.70M","-1.05%"
"10/01/2020","63.12","64.83","65.22","62.85","2.06M","-3.27%"
"09/30/2020","65.26","63.34","65.99","63.34","2.20M","1.91%"
"09/29/2020","64.03","62.46","64.03","62.45","1.90M","3.18%"
"09/28/2020","62.06","63.53","64.34","61.67","1.19M","-2.12%"
"09/25/2020","63.40","63.40","64.03","63.24","944.96K","0.25%"
"09/24/2020","63.24","63.87","64.03","63.22","745.09K","-1.23%"
"09/23/2020","64.03","64.82","65.22","63.72","682.47K","-0.49%"
"09/22/2020","64.35","65.42","65.61","64.09","516.75K","-2.51%"
"09/21/2020","66.01","66.80","67.04","65.66","838.06K","-1.21%"
"09/18/2020","66.81","65.49","67.19","65.22","903.84K","2.45%"
"09/17/2020","65.22","65.61","65.61","65.02","538.89K","-0.17%"
"09/16/2020","65.33","66.01","66.52","65.23","1.01M","-0.85%"
"09/15/2020","65.89","67.08","67.35","65.53","921.55K","-1.93%"
"09/14/2020","67.19","67.19","67.71","66.64","411.13K","-0.12%"
"09/11/2020","67.26","67.23","67.75","66.80","812.13K","0.34%"
"09/10/2020","67.04","67.19","68.38","66.80","1.52M","0.36%"
"09/09/2020","66.80","67.97","68.10","65.61","1.73M","-0.43%"
"09/08/2020","67.09","67.19","67.91","66.40","3.03M","0.38%"
"09/07/2020","66.83","65.47","66.83","65.47","1.25M","2.21%"
"09/04/2020","65.39","65.26","66.19","64.89","3.48M","0.15%"
"09/03/2020","65.29","64.94","65.83","64.76","718.71K","0.39%"
"09/02/2020","65.04","65.54","65.71","64.86","1.01M","-0.33%"
"09/01/2020","65.25","65.38","65.40","64.69","446.67K","0.44%"
"08/31/2020","64.97","65.40","66.40","64.68","1.07M","-0.66%"
"08/28/2020","65.40","63.92","66.84","63.92","1.85M","2.19%"
"08/27/2020","64.00","63.60","64.31","62.96","2.10M","1.86%"
"08/26/2020","62.82","61.82","63.24","61.82","1.48M","1.06%"
"08/25/2020","62.16","62.52","62.52","61.44","894.73K","0.58%"
"08/24/2020","61.80","61.80","63.24","59.65","2.10M","-0.34%"
"08/21/2020","62.01","61.88","62.49","61.01","1.21M","-0.59%"
"08/20/2020","62.38","62.88","63.38","62.24","1.82M","-0.57%"
"08/19/2020","62.74","61.94","63.82","61.94","3.84M","1.33%"
"08/18/2020","61.91","64.21","64.75","61.30","4.84M","-1.54%"
"08/17/2020","62.88","62.52","63.13","61.85","1.60M","1.51%"
"08/13/2020","61.95","61.80","62.13","60.01","802.20K","1.32%"
"08/12/2020","61.14","61.95","63.10","61.09","734.02K","-0.99%"
"08/11/2020","61.75","61.19","61.95","60.68","577.47K","1.75%"
"08/10/2020","60.69","61.80","61.80","60.45","1.22M","-0.78%"
"08/07/2020","61.17","59.11","62.67","58.39","3.82M","3.52%"
"08/06/2020","59.09","58.71","59.47","58.21","1.04M","1.16%"
"08/05/2020","58.41","59.18","60.01","57.14","2.00M","0.10%"
"08/04/2020","58.35","60.26","61.48","57.50","2.18M","-3.36%"
"08/03/2020","60.38","60.88","61.37","60.26","3.35M","-0.80%"
"07/30/2020","60.87","60.65","61.30","60.55","706.19K","0.91%"
"07/29/2020","60.32","62.52","63.60","59.99","2.76M","-1.84%"
"07/28/2020","61.45","58.85","62.12","57.85","3.00M","6.33%"
"07/27/2020","57.79","54.26","58.23","54.26","3.19M","6.68%"
"07/24/2020","54.17","53.14","55.34","52.18","1.30M","1.94%"
"07/23/2020","53.14","53.54","54.42","53.04","1.06M","0.00%"
"07/22/2020","53.14","53.61","53.90","52.86","667.92K","-1.12%"
"07/21/2020","53.74","53.91","54.33","53.54","676.27K","-0.43%"
"07/20/2020","53.97","54.62","54.76","53.65","1.46M","-0.50%"
"07/17/2020","54.24","55.03","55.05","54.08","514.86K","-0.93%"
"07/16/2020","54.75","53.76","54.98","53.72","964.31K","1.99%"
"07/15/2020","53.68","55.12","55.70","53.39","603.22K","-2.38%"
"07/14/2020","54.99","55.32","55.91","54.62","768.80K","0.00%"
"07/13/2020","54.99","52.64","55.84","52.64","2.28M","4.03%"
"07/10/2020","52.86","52.38","53.25","51.38","888.47K","0.92%"
"07/09/2020","52.38","50.13","53.68","50.13","2.75M","4.30%"
"07/08/2020","50.22","49.87","50.49","49.59","824.46K","1.60%"
"07/07/2020","49.43","48.80","50.13","48.52","1.15M","1.71%"
"07/06/2020","48.60","48.65","48.87","48.29","1.52M","0.08%"
"07/03/2020","48.56","48.69","49.23","48.51","279.00K","-0.27%"
"07/02/2020","48.69","49.80","49.86","48.55","1.05M","-1.70%"
"07/01/2020","49.53","49.77","49.77","49.08","105.06K","0.10%"
"06/30/2020","49.48","48.58","50.13","48.58","1.04M","1.71%"
"06/29/2020","48.65","47.48","48.87","47.48","227.51K","1.00%"
"06/26/2020","48.17","48.55","48.55","47.80","369.44K","-2.15%"
"06/25/2020","49.23","49.23","49.41","48.51","708.97K","0.14%"
"06/24/2020","49.16","49.59","49.59","48.87","516.94K","-0.83%"
"06/23/2020","49.57","48.03","49.72","47.43","1.40M","4.05%"
"06/22/2020","47.64","46.86","47.87","46.72","670.70K","1.84%"
"06/19/2020","46.78","48.15","48.15","45.99","792.46K","-2.66%"
"06/18/2020","48.06","49.95","50.28","47.79","1.39M","-3.30%"
"06/17/2020","49.70","49.30","51.56","49.23","1.48M","0.81%"
"06/16/2020","49.30","50.31","50.31","48.87","369.44K","-0.58%"
"06/15/2020","49.59","48.88","51.02","48.87","1.12M","-1.47%"
"06/12/2020","50.33","50.31","50.84","49.34","870.38K","-2.06%"
"06/11/2020","51.39","50.05","51.66","50.05","2.63M","4.05%"
"06/10/2020","49.39","46.60","49.59","46.35","3.65M","6.63%"
"06/09/2020","46.32","45.42","46.39","45.17","670.70K","2.12%"
"06/08/2020","45.36","46.07","46.35","45.06","1.07M","-1.48%"
"06/05/2020","46.04","46.28","46.28","45.64","190.64K","-0.32%"
"06/04/2020","46.19","46.71","47.72","46.07","1.29M","-1.58%"
"06/03/2020","46.93","47.42","47.97","46.74","1.65M","-0.09%"
"06/02/2020","46.97","47.00","48.01","45.99","5.81M","1.47%"
"06/01/2020","46.29","44.13","46.32","44.12","5.31M","5.28%"
"05/29/2020","43.97","43.05","44.63","42.80","962.22K","2.83%"
"05/28/2020","42.76","42.75","42.90","42.04","242.12K","1.16%"
"05/21/2020","42.27","43.08","43.13","42.04","883.60K","-1.01%"
"05/20/2020","42.70","43.12","43.52","42.44","1.97M","-1.88%"
"05/19/2020","43.52","44.56","44.56","43.12","2.50M","-2.03%"
"05/18/2020","44.42","45.63","45.63","44.30","578.86K","-2.01%"
"05/15/2020","45.33","45.92","45.99","45.27","513.46K","-0.83%"
"05/14/2020","45.71","45.63","45.99","45.63","276.21K","-0.50%"
"05/13/2020","45.94","46.45","46.71","45.85","477.98K","-1.10%"
"05/12/2020","46.45","46.42","46.78","46.30","507.90K","-0.02%"
"05/11/2020","46.46","46.39","46.86","46.17","198.29K","0.15%"
"05/08/2020","46.39","47.00","47.07","46.22","345.79K","-0.77%"
"05/07/2020","46.75","47.43","47.49","46.71","578.86K","-1.12%"
"05/06/2020","47.28","47.43","47.99","46.53","1.90M","0.96%"
"05/05/2020","46.83","47.72","47.72","46.35","541.99K","-0.06%"
"05/04/2020","46.86","46.71","47.43","45.99","770.20K","-0.64%"
"04/30/2020","47.16","46.00","48.15","46.00","2.99M","3.35%"
"04/29/2020","45.63","44.99","45.81","44.74","1.61M","1.54%"
"04/28/2020","44.94","44.74","45.63","44.56","1.98M","0.00%"
"04/27/2020","44.94","45.99","48.04","44.70","2.60M","-2.58%"
"04/24/2020","46.13","46.50","46.70","45.63","490.50K","-0.73%"
"04/23/2020","46.47","46.71","46.88","45.63","1.93M","-1.23%"
"04/22/2020","47.05","47.07","47.25","46.54","934.39K","0.66%"
"04/21/2020","46.74","46.02","47.65","46.00","3.96M","0.28%"
"04/20/2020","46.61","46.35","47.57","45.86","8.26M","2.55%"
"04/17/2020","45.45","44.20","48.87","43.84","8.85M","-1.22%"
"04/16/2020","46.01","45.41","46.71","45.39","1.62M","-0.90%"
"04/15/2020","46.43","46.07","47.43","46.07","2.32M","0.87%"
"04/14/2020","46.03","45.88","46.35","45.31","729.84K","2.38%"
"04/13/2020","44.96","47.50","47.50","44.82","2.93M","-5.53%"
"04/10/2020","47.59","46.71","48.01","46.39","671.40K","1.58%"
"04/09/2020","46.85","45.99","47.79","45.71","4.34M","2.74%"
"04/08/2020","45.60","45.71","46.35","45.20","5.27M","-1.79%"
"04/07/2020","46.43","46.39","47.43","45.27","8.11M","0.09%"
"04/06/2020","46.39","48.08","48.65","46.17","1.72M","-2.01%"
"04/03/2020","47.34","46.17","48.29","46.17","2.04M","2.60%"
"04/02/2020","46.14","44.20","46.50","43.31","3.06M","4.15%"
"04/01/2020","44.30","46.86","48.07","44.02","4.08M","-5.30%"
"03/31/2020","46.78","45.63","48.14","45.63","1.88M","3.43%"
"03/30/2020","45.23","43.30","45.63","42.41","820.99K","1.05%"
"03/27/2020","44.76","42.76","46.14","42.47","1.15M","4.29%"
"03/26/2020","42.92","41.68","43.00","40.24","909.35K","7.30%"
"03/25/2020","40.00","39.89","42.98","39.89","1.16M","-7.21%"
"03/24/2020","43.11","43.11","43.11","43.11","267.86K","-7.49%"
"03/20/2020","46.60","49.59","51.02","45.99","1.71M","-3.78%"
"03/19/2020","48.43","42.54","49.22","42.54","4.07M","5.31%"
"03/18/2020","45.99","47.50","48.15","45.99","1.95M","-7.48%"
"03/17/2020","49.71","49.96","51.74","49.68","4.26M","-9.85%"
"03/16/2020","55.14","56.78","57.85","55.14","699.92K","-7.50%"
"03/13/2020","59.61","57.50","61.80","56.27","1.34M","-1.47%"
"03/12/2020","60.50","63.95","63.96","60.18","571.21K","-6.51%"
"03/11/2020","64.71","65.04","66.83","64.53","305.43K","-0.69%"
"03/10/2020","65.16","65.40","66.04","62.90","907.26K","3.05%"
"03/09/2020","63.23","63.31","66.83","63.10","2.01M","-6.80%"
"03/06/2020","67.84","68.63","70.42","66.83","269.95K","-2.97%"
"03/05/2020","69.92","69.71","70.69","69.10","336.05K","0.66%"
"03/04/2020","69.46","72.21","72.21","69.37","408.41K","-2.92%"
"03/03/2020","71.55","72.58","73.30","71.22","572.60K","-1.06%"
"03/02/2020","72.32","71.29","72.58","71.26","528.07K","1.32%"
"02/28/2020","71.38","69.35","71.86","68.26","946.22K","4.31%"
"02/27/2020","68.43","66.94","68.98","65.94","830.03K","-2.10%"
"02/26/2020","69.90","69.73","70.43","68.63","1.24M","-0.85%"
"02/25/2020","70.50","68.47","71.86","66.51","846.03K","2.96%"
"02/24/2020","68.47","71.07","71.07","68.27","449.45K","-3.90%"
"02/21/2020","71.25","71.15","71.33","70.83","87.66K","0.10%"
"02/20/2020","71.18","72.57","72.57","70.72","97.41K","-0.10%"
"02/19/2020","71.25","72.22","72.22","70.79","393.10K","0.10%"
"02/18/2020","71.18","71.86","71.86","71.15","317.26K","-0.84%"
"02/17/2020","71.78","73.30","73.30","71.51","262.99K","-0.83%"
"02/14/2020","72.38","74.74","74.74","71.16","803.59K","1.89%"
"02/13/2020","71.04","71.22","72.58","70.90","406.32K","-0.06%"
"02/12/2020","71.08","71.15","74.31","70.07","894.73K","0.52%"
"02/11/2020","70.71","69.35","71.79","69.35","1.27M","1.19%"
"02/10/2020","69.88","71.15","72.58","69.53","1.07M","-1.59%"
"02/07/2020","71.01","71.86","71.86","70.86","421.62K","-1.68%"
"02/06/2020","72.22","73.30","73.30","72.08","249.77K","-0.54%"
"02/04/2020","72.61","72.51","73.01","71.79","791.76K","1.17%"
"02/03/2020","71.77","72.59","73.29","70.79","834.90K","-2.79%"
"01/31/2020","73.83","74.74","75.46","73.01","204.55K","0.59%"
"01/30/2020","73.40","73.30","73.88","72.95","651.22K","-0.41%"
"01/29/2020","73.70","76.18","76.18","73.48","196.90K","-0.66%"
"01/28/2020","74.19","73.35","75.08","73.34","550.34K","-0.66%"
"01/27/2020","74.68","77.18","80.44","74.31","668.62K","-2.06%"
"01/24/2020","76.25","77.59","77.59","76.18","2.38M","-0.08%"
"01/23/2020","76.31","76.18","76.79","75.46","623.39K","0.24%"
"01/22/2020","76.13","76.18","76.53","75.67","690.18K","-0.21%"
"01/21/2020","76.29","75.46","76.90","74.74","171.85K","1.19%"
"01/20/2020","75.39","76.54","76.90","75.11","89.06K","-1.23%"
"01/17/2020","76.33","76.18","76.75","75.46","421.62K","1.79%"
"01/16/2020","74.99","73.91","75.39","73.30","294.30K","2.28%"
"01/15/2020","73.32","72.62","73.66","72.58","1.54M","0.14%"
"01/14/2020","73.22","75.46","75.46","73.09","365.96K","-1.07%"
"01/13/2020","74.01","71.94","74.24","71.94","1.54M","1.19%"
"01/10/2020","73.14","71.07","73.30","71.07","1.23M","2.97%"
"01/09/2020","71.03","69.06","71.65","69.06","942.05K","4.04%"
"01/08/2020","68.27","68.63","68.99","67.73","614.35K","-1.09%"
"01/07/2020","69.02","68.99","70.74","68.27","715.23K","0.83%"
"01/06/2020","68.45","72.27","72.27","68.26","433.45K","-1.37%"
"01/03/2020","69.40","69.08","70.43","69.08","336.74K","-1.03%"
"01/02/2020","70.12","69.39","71.86","68.99","1.02M","1.29%"
"01/01/2020","69.23","68.27","69.35","67.91","160.72K","1.26%"